title,price,area,types,size,bedroom
  Saujana apartment damansara damai  , RM 250 000 , Damansara Damai , Apartments ,700 sq.ft, 3 Bedrooms 
  [Ready Tenant Rent RM1300 Sublet] Seri Jasa Apartment walk The Mines  , RM 170 000 , Balakong , Apartments ,850 sq.ft, 3 Bedrooms 
  Residensi Permata Melawati  , RM 463 950 , Ulu Klang , Apartments ,1000 sq.ft, 3 Bedrooms 
"  For sale (1st floor) SRI WIRA APARTMENT ,UKAY PERDANA, AMPANG  ", RM 265 000 , Ampang , Apartments ,850 sq.ft, 3 Bedrooms 
  PANORAMA SENTUL RESIDEN. Tmn Bullion Batu Caves Gombak  , RM 490 000 , Gombak , Apartments ,1130 sq.ft, 3 Bedrooms 
  [FREEHOLD LEVEL 1] ORCHID APARTMENT PUCHONG PRIMA 4 min walking to LRT  , RM 245 000 , Puchong , Apartments ,750 sq.ft, 3 Bedrooms 
"  Metropolitan square condo damansara perdana,  ", RM 900 000 , Damansara Perdana , Apartments ,2005 sq.ft, 4 Bedrooms 
  [NON BUMI TENANTED] Apartment Penaga Mas Puchong Near LRT For Sale  , RM 180 000 , Puchong , Apartments ,780 sq.ft, 3 Bedrooms 
  [FREEHOLD GROUND FLOOR] Pangsapuri Sri Kemuning Kota Kemuning S Alam  , RM 285 000 , Kota Kemuning , Apartments ,753 sq.ft, 3 Bedrooms 
  Casamas Court !!! Ukay Bistari 0% Deposit !!! 90% Completed  , RM 363 240 , Ampang , Apartments ,882 sq.ft, 3 Bedrooms 
  Hot Selling Fast Condo at Sepang ! Fast Contact me NOW!  , RM 236 000 , Sepang , Apartments ,663 sq.ft, 3 Bedrooms 
  High Rental and High Capital Gain at Cyberjaya! Grad it Now!  , RM 247 000 , Cyberjaya , Apartments ,665 sq.ft, 2 Bedrooms 
  [MEDIUM COST BELOW MV CORNER] Apartment Puchong Permata 1  , RM 235 000 , Puchong , Apartments ,850 sq.ft, 3 Bedrooms 
  [HOT AREA NICE DECORATION] Condominium Prima U1 Shah Alam  , RM 300 000 , Shah Alam , Apartments ,980 sq.ft, 3 Bedrooms 
  [ 700SQFT LEVEL 1 ] Flat PKNS Seksyen 16 Shah Alam  , RM 200 000 , Shah Alam , Apartments ,700 sq.ft, 3 Bedrooms 
  Duplex Townhouse Sri Mahligai Seksyen 9 Shah Alam  , RM 490 000 , Shah Alam , Apartments ,1913 sq.ft, 4 Bedrooms 
  New Condo With Promotion in Putrajaya (7 Unit Left)  , RM 399 999 , Cyberjaya , Apartments ,817 sq.ft, 3 Bedrooms 
  (7 Unit Left With Promotion) New Condo in Damansara Damai  , RM 350 000 , Saujana , Apartments ,855 sq.ft, 3 Bedrooms 
"  Taman Sri Sentosa, Jalan Bendahara, Freehold, Level 3  ", RM 90 000 , Klang , Apartments ,1200 sq.ft, 3 Bedrooms 
  SKIM 1st HOME FULLOAN Sri Gotong Banjaria [ BULANAN 1K+- ]  , RM 240 000 , Batu Caves , Apartments ,816 sq.ft, 3 Bedrooms 
  BELOW MARKET VALUE APPARTMENT menara u2 sebelah Aeon Shah Alam  , RM 300 000 , Shah Alam , Apartments ,450 sq.ft, 1 Bedroom 
  FREEHOLD Kondominium Pelangi Sg Merab Bangi  , RM 310 000 , Bangi , Apartments ,1070 sq.ft, 3 Bedrooms 
  STRATA O DEPO Bayu Saujana Indah Condo | PRIMA Damansara  , RM 195 000 , Damansara Damai , Apartments ,750 sq.ft, 3 Bedrooms 
"  For Sale= Main Place Residence USJ, Beside LRT Below Market Price!!!!  ", RM 35 500 , USJ , Apartments ,615 sq.ft, 2 Bedrooms 
  Service Apartment Kelana Jaya  , RM 680 000 , Kelana Jaya , Apartments ,753 sq.ft, 2 Bedrooms 
  First Sky Facilities in PJ Fully Furnished Package  , RM 580 000 , Kelana Jaya , Apartments ,753 sq.ft, 3 Bedrooms 
"  【2nd Floor】[FULL LOAN] Sri Dahlia Apartment, Bandar Puteri Puchong  ", RM 153 000 , Puchong , Apartments ,689 sq.ft, 3 Bedrooms 
  Apartment dahlia bandar seri putra  , RM 100 000 , Bangi , Apartments ,652 sq.ft, 3 Bedrooms 
  Lily Apartment in Taman Mayang Jaya  , RM 408 000 , Ara Damansara , Apartments ,940 sq.ft, 3 Bedrooms 
  The Sanderson Suites Bukit Serdang 3r2b For SALE !!!!  , RM 420 000 , Seri Kembangan , Apartments ,900 sq.ft, 3 Bedrooms 
  End lot apt sri tanjung bangi  , RM 190 000 , Bangi , Apartments ,800 sq.ft, 4 Bedrooms 
  Renovated ground floor apartment  , RM 245 000 , Bangi , Apartments ,864 sq.ft, 3 Bedrooms 
"  Below Market 27% | Pangsapuri Impian Meru, Meru Klang | 857sf Freehold  ", RM 116 700 , Klang , Apartments ,857 sq.ft, 3 Bedrooms 
"  Pangsapuri Ruselia , Equine, putrajaya , Seri Kembangan, puchong MRT  ", RM 150 000 , Seri Kembangan , Apartments ,720 sq.ft, 3 Bedrooms 
"  Ground floor putra indah ,fully reno ,seri kembangan equine,putrajaya  ", RM 280 000 , Seri Kembangan , Apartments ,864 sq.ft, 4 Bedrooms 
"  Glomac Centro,One Utama,Kota Damansara,Damansara Perdana  ", RM 800 000 , Bandar Utama , Apartments ,1423 sq.ft, 4 Bedrooms 
"  APARTMENT FOR SALE at JULIA BANDAR BARU SELAYANG, SELANGOR  ", RM 129 000 , Selayang , Apartments ,487 sq.ft, 2 Bedrooms 
  (Full Loan)* Serdang Perdana Apartment Seri Kembangan  , RM 135 000 , Serdang , Apartments ,720 sq.ft, 3 Bedrooms 
  Bayu Puteri Apartment Nice Unit  , RM 420 000 , Tropicana , Apartments ,850 sq.ft, 3 Bedrooms 
"  (TKT 3)* Taman Lestari Perdana Shop Apartment, Seri Kembangan Equine  ", RM 98 000 , Damansara Damai , Apartments ,650 sq.ft, 3 Bedrooms 
  Saujana apartment damansara damai  , RM 250 000 , Balakong ,"
Apartments
","1093 sq.ft
","
3 Bedrooms
"
  [Ready Tenant Rent RM1300 Sublet] Seri Jasa Apartment walk The Mines  , RM 170 000 , Ulu Klang ,"
Apartments
","1017 sq.ft
","
3 Bedrooms
"
  Residensi Permata Melawati  , RM 463 950 , Ampang , Apartments ,700 sq.ft, 3 Bedrooms 
"  For sale (1st floor) SRI WIRA APARTMENT ,UKAY PERDANA, AMPANG  ", RM 265 000 , Gombak , Apartments ,850 sq.ft, 3 Bedrooms 
  PANORAMA SENTUL RESIDEN. Tmn Bullion Batu Caves Gombak  , RM 490 000 , Puchong , Apartments ,1000 sq.ft, 3 Bedrooms 
  [FREEHOLD LEVEL 1] ORCHID APARTMENT PUCHONG PRIMA 4 min walking to LRT  , RM 245 000 , Damansara Perdana , Apartments ,850 sq.ft, 3 Bedrooms 
"  Metropolitan square condo damansara perdana,  ", RM 900 000 , Puchong , Apartments ,1130 sq.ft, 3 Bedrooms 
  [NON BUMI TENANTED] Apartment Penaga Mas Puchong Near LRT For Sale  , RM 180 000 , Kota Kemuning , Apartments ,750 sq.ft, 3 Bedrooms 
  [FREEHOLD GROUND FLOOR] Pangsapuri Sri Kemuning Kota Kemuning S Alam  , RM 285 000 , Ampang , Apartments ,2005 sq.ft, 4 Bedrooms 
  Casamas Court !!! Ukay Bistari 0% Deposit !!! 90% Completed  , RM 363 240 , Sepang , Apartments ,780 sq.ft, 3 Bedrooms 
  Hot Selling Fast Condo at Sepang ! Fast Contact me NOW!  , RM 236 000 , Cyberjaya , Apartments ,753 sq.ft, 3 Bedrooms 
  High Rental and High Capital Gain at Cyberjaya! Grad it Now!  , RM 247 000 , Puchong , Apartments ,882 sq.ft, 3 Bedrooms 
  [MEDIUM COST BELOW MV CORNER] Apartment Puchong Permata 1  , RM 235 000 , Shah Alam , Apartments ,663 sq.ft, 3 Bedrooms 
  [HOT AREA NICE DECORATION] Condominium Prima U1 Shah Alam  , RM 300 000 , Shah Alam , Apartments ,665 sq.ft, 2 Bedrooms 
  [ 700SQFT LEVEL 1 ] Flat PKNS Seksyen 16 Shah Alam  , RM 200 000 , Shah Alam , Apartments ,850 sq.ft, 3 Bedrooms 
  Duplex Townhouse Sri Mahligai Seksyen 9 Shah Alam  , RM 490 000 , Cyberjaya , Apartments ,980 sq.ft, 3 Bedrooms 
  New Condo With Promotion in Putrajaya (7 Unit Left)  , RM 399 999 , Saujana , Apartments ,700 sq.ft, 3 Bedrooms 
  (7 Unit Left With Promotion) New Condo in Damansara Damai  , RM 350 000 , Klang , Apartments ,1913 sq.ft, 4 Bedrooms 
"  Taman Sri Sentosa, Jalan Bendahara, Freehold, Level 3  ", RM 90 000 , Batu Caves , Apartments ,817 sq.ft, 3 Bedrooms 
  SKIM 1st HOME FULLOAN Sri Gotong Banjaria [ BULANAN 1K+- ]  , RM 240 000 , Shah Alam , Apartments ,855 sq.ft, 3 Bedrooms 
  BELOW MARKET VALUE APPARTMENT menara u2 sebelah Aeon Shah Alam  , RM 300 000 , Bangi , Apartments ,1200 sq.ft, 3 Bedrooms 
  FREEHOLD Kondominium Pelangi Sg Merab Bangi  , RM 310 000 , Damansara Damai , Apartments ,816 sq.ft, 3 Bedrooms 
  STRATA O DEPO Bayu Saujana Indah Condo | PRIMA Damansara  , RM 195 000 , USJ , Apartments ,450 sq.ft, 1 Bedroom 
"  For Sale= Main Place Residence USJ, Beside LRT Below Market Price!!!!  ", RM 35 500 , Kelana Jaya , Apartments ,1070 sq.ft, 3 Bedrooms 
  Service Apartment Kelana Jaya  , RM 680 000 , Kelana Jaya , Apartments ,750 sq.ft, 3 Bedrooms 
  First Sky Facilities in PJ Fully Furnished Package  , RM 580 000 , Puchong , Apartments ,615 sq.ft, 2 Bedrooms 
"  【2nd Floor】[FULL LOAN] Sri Dahlia Apartment, Bandar Puteri Puchong  ", RM 153 000 , Bangi , Apartments ,753 sq.ft, 2 Bedrooms 
  Apartment dahlia bandar seri putra  , RM 100 000 , Ara Damansara , Apartments ,753 sq.ft, 3 Bedrooms 
  Lily Apartment in Taman Mayang Jaya  , RM 408 000 , Seri Kembangan , Apartments ,689 sq.ft, 3 Bedrooms 
  The Sanderson Suites Bukit Serdang 3r2b For SALE !!!!  , RM 420 000 , Bangi , Apartments ,652 sq.ft, 3 Bedrooms 
  End lot apt sri tanjung bangi  , RM 190 000 , Bangi , Apartments ,940 sq.ft, 3 Bedrooms 
  Renovated ground floor apartment  , RM 245 000 , Klang , Apartments ,900 sq.ft, 3 Bedrooms 
"  Below Market 27% | Pangsapuri Impian Meru, Meru Klang | 857sf Freehold  ", RM 116 700 , Seri Kembangan , Apartments ,800 sq.ft, 4 Bedrooms 
"  Pangsapuri Ruselia , Equine, putrajaya , Seri Kembangan, puchong MRT  ", RM 150 000 , Seri Kembangan , Apartments ,864 sq.ft, 3 Bedrooms 
"  Ground floor putra indah ,fully reno ,seri kembangan equine,putrajaya  ", RM 280 000 , Bandar Utama , Apartments ,857 sq.ft, 3 Bedrooms 
"  Glomac Centro,One Utama,Kota Damansara,Damansara Perdana  ", RM 800 000 , Selayang , Apartments ,720 sq.ft, 3 Bedrooms 
"  APARTMENT FOR SALE at JULIA BANDAR BARU SELAYANG, SELANGOR  ", RM 129 000 , Serdang , Apartments ,864 sq.ft, 4 Bedrooms 
  (Full Loan)* Serdang Perdana Apartment Seri Kembangan  , RM 135 000 , Tropicana , Apartments ,1423 sq.ft, 4 Bedrooms 
  Bayu Puteri Apartment Nice Unit  , RM 420 000 , Damansara Damai , Apartments ,487 sq.ft, 2 Bedrooms 
"  (TKT 3)* Taman Lestari Perdana Shop Apartment, Seri Kembangan Equine  ", RM 98 000 , Balakong , Apartments ,720 sq.ft, 3 Bedrooms 
  Saujana apartment damansara damai  , RM 250 000 , Ulu Klang , Apartments ,850 sq.ft, 3 Bedrooms 
  [Ready Tenant Rent RM1300 Sublet] Seri Jasa Apartment walk The Mines  , RM 170 000 , Ampang , Apartments ,650 sq.ft, 3 Bedrooms 
  Residensi Permata Melawati  , RM 463 950 , Gombak ,"
Apartments
","1044 sq.ft
","
3 Bedrooms
"
"  For sale (1st floor) SRI WIRA APARTMENT ,UKAY PERDANA, AMPANG  ", RM 265 000 , Puchong ,"
Apartments
","750 sq.ft
","
3 Bedrooms
"
  PANORAMA SENTUL RESIDEN. Tmn Bullion Batu Caves Gombak  , RM 490 000 , Damansara Perdana , Apartments ,700 sq.ft, 3 Bedrooms 
  [FREEHOLD LEVEL 1] ORCHID APARTMENT PUCHONG PRIMA 4 min walking to LRT  , RM 245 000 , Puchong , Apartments ,850 sq.ft, 3 Bedrooms 
"  Metropolitan square condo damansara perdana,  ", RM 900 000 , Kota Kemuning , Apartments ,1000 sq.ft, 3 Bedrooms 
  [NON BUMI TENANTED] Apartment Penaga Mas Puchong Near LRT For Sale  , RM 180 000 , Ampang , Apartments ,850 sq.ft, 3 Bedrooms 
  [FREEHOLD GROUND FLOOR] Pangsapuri Sri Kemuning Kota Kemuning S Alam  , RM 285 000 , Sepang , Apartments ,1130 sq.ft, 3 Bedrooms 
  Casamas Court !!! Ukay Bistari 0% Deposit !!! 90% Completed  , RM 363 240 , Cyberjaya , Apartments ,750 sq.ft, 3 Bedrooms 
  Hot Selling Fast Condo at Sepang ! Fast Contact me NOW!  , RM 236 000 , Puchong , Apartments ,2005 sq.ft, 4 Bedrooms 
  High Rental and High Capital Gain at Cyberjaya! Grad it Now!  , RM 247 000 , Shah Alam , Apartments ,780 sq.ft, 3 Bedrooms 
  [MEDIUM COST BELOW MV CORNER] Apartment Puchong Permata 1  , RM 235 000 , Shah Alam , Apartments ,753 sq.ft, 3 Bedrooms 
  [HOT AREA NICE DECORATION] Condominium Prima U1 Shah Alam  , RM 300 000 , Shah Alam , Apartments ,882 sq.ft, 3 Bedrooms 
  [ 700SQFT LEVEL 1 ] Flat PKNS Seksyen 16 Shah Alam  , RM 200 000 , Cyberjaya , Apartments ,663 sq.ft, 3 Bedrooms 
  Duplex Townhouse Sri Mahligai Seksyen 9 Shah Alam  , RM 490 000 , Saujana , Apartments ,665 sq.ft, 2 Bedrooms 
  New Condo With Promotion in Putrajaya (7 Unit Left)  , RM 399 999 , Klang , Apartments ,850 sq.ft, 3 Bedrooms 
  (7 Unit Left With Promotion) New Condo in Damansara Damai  , RM 350 000 , Batu Caves , Apartments ,980 sq.ft, 3 Bedrooms 
"  Taman Sri Sentosa, Jalan Bendahara, Freehold, Level 3  ", RM 90 000 , Shah Alam , Apartments ,700 sq.ft, 3 Bedrooms 
  SKIM 1st HOME FULLOAN Sri Gotong Banjaria [ BULANAN 1K+- ]  , RM 240 000 , Bangi , Apartments ,1913 sq.ft, 4 Bedrooms 
  BELOW MARKET VALUE APPARTMENT menara u2 sebelah Aeon Shah Alam  , RM 300 000 , Damansara Damai , Apartments ,817 sq.ft, 3 Bedrooms 
  FREEHOLD Kondominium Pelangi Sg Merab Bangi  , RM 310 000 , USJ , Apartments ,855 sq.ft, 3 Bedrooms 
  STRATA O DEPO Bayu Saujana Indah Condo | PRIMA Damansara  , RM 195 000 , Kelana Jaya , Apartments ,1200 sq.ft, 3 Bedrooms 
"  For Sale= Main Place Residence USJ, Beside LRT Below Market Price!!!!  ", RM 35 500 , Kelana Jaya , Apartments ,816 sq.ft, 3 Bedrooms 
  Service Apartment Kelana Jaya  , RM 680 000 , Puchong , Apartments ,450 sq.ft, 1 Bedroom 
  First Sky Facilities in PJ Fully Furnished Package  , RM 580 000 , Bangi , Apartments ,1070 sq.ft, 3 Bedrooms 
"  【2nd Floor】[FULL LOAN] Sri Dahlia Apartment, Bandar Puteri Puchong  ", RM 153 000 , Ara Damansara , Apartments ,750 sq.ft, 3 Bedrooms 
  Apartment dahlia bandar seri putra  , RM 100 000 , Seri Kembangan , Apartments ,615 sq.ft, 2 Bedrooms 
  Lily Apartment in Taman Mayang Jaya  , RM 408 000 , Bangi , Apartments ,753 sq.ft, 2 Bedrooms 
  The Sanderson Suites Bukit Serdang 3r2b For SALE !!!!  , RM 420 000 , Bangi , Apartments ,753 sq.ft, 3 Bedrooms 
  End lot apt sri tanjung bangi  , RM 190 000 , Klang , Apartments ,689 sq.ft, 3 Bedrooms 
  Renovated ground floor apartment  , RM 245 000 , Seri Kembangan , Apartments ,652 sq.ft, 3 Bedrooms 
"  Below Market 27% | Pangsapuri Impian Meru, Meru Klang | 857sf Freehold  ", RM 116 700 , Seri Kembangan , Apartments ,940 sq.ft, 3 Bedrooms 
"  Pangsapuri Ruselia , Equine, putrajaya , Seri Kembangan, puchong MRT  ", RM 150 000 , Bandar Utama , Apartments ,900 sq.ft, 3 Bedrooms 
"  Ground floor putra indah ,fully reno ,seri kembangan equine,putrajaya  ", RM 280 000 , Selayang , Apartments ,800 sq.ft, 4 Bedrooms 
"  Glomac Centro,One Utama,Kota Damansara,Damansara Perdana  ", RM 800 000 , Serdang , Apartments ,864 sq.ft, 3 Bedrooms 
"  APARTMENT FOR SALE at JULIA BANDAR BARU SELAYANG, SELANGOR  ", RM 129 000 , Tropicana , Apartments ,857 sq.ft, 3 Bedrooms 
  (Full Loan)* Serdang Perdana Apartment Seri Kembangan  , RM 135 000 , Damansara Damai , Apartments ,720 sq.ft, 3 Bedrooms 
  Bayu Puteri Apartment Nice Unit  , RM 420 000 , Balakong , Apartments ,864 sq.ft, 4 Bedrooms 
"  (TKT 3)* Taman Lestari Perdana Shop Apartment, Seri Kembangan Equine  ", RM 98 000 , Ulu Klang , Apartments ,1423 sq.ft, 4 Bedrooms 
  Saujana apartment damansara damai  , RM 250 000 , Ampang , Apartments ,487 sq.ft, 2 Bedrooms 
  [Ready Tenant Rent RM1300 Sublet] Seri Jasa Apartment walk The Mines  , RM 170 000 , Gombak , Apartments ,720 sq.ft, 3 Bedrooms 
  Residensi Permata Melawati  , RM 463 950 , Puchong , Apartments ,850 sq.ft, 3 Bedrooms 
"  For sale (1st floor) SRI WIRA APARTMENT ,UKAY PERDANA, AMPANG  ", RM 265 000 , Damansara Perdana , Apartments ,650 sq.ft, 3 Bedrooms 
  PANORAMA SENTUL RESIDEN. Tmn Bullion Batu Caves Gombak  , RM 490 000 , Puchong ,"
Apartments
","859 sq.ft
","
3 Bedrooms
"
  [FREEHOLD LEVEL 1] ORCHID APARTMENT PUCHONG PRIMA 4 min walking to LRT  , RM 245 000 , Kota Kemuning ,"
Apartments
","680 sq.ft
","
1 Bedroom
"
"  Metropolitan square condo damansara perdana,  ", RM 900 000 , Ampang , Apartments ,700 sq.ft, 3 Bedrooms 
  [NON BUMI TENANTED] Apartment Penaga Mas Puchong Near LRT For Sale  , RM 180 000 , Sepang , Apartments ,850 sq.ft, 3 Bedrooms 
  [FREEHOLD GROUND FLOOR] Pangsapuri Sri Kemuning Kota Kemuning S Alam  , RM 285 000 , Cyberjaya , Apartments ,1000 sq.ft, 3 Bedrooms 
  Casamas Court !!! Ukay Bistari 0% Deposit !!! 90% Completed  , RM 363 240 , Puchong , Apartments ,850 sq.ft, 3 Bedrooms 
  Hot Selling Fast Condo at Sepang ! Fast Contact me NOW!  , RM 236 000 , Shah Alam , Apartments ,1130 sq.ft, 3 Bedrooms 
  High Rental and High Capital Gain at Cyberjaya! Grad it Now!  , RM 247 000 , Shah Alam , Apartments ,750 sq.ft, 3 Bedrooms 
  [MEDIUM COST BELOW MV CORNER] Apartment Puchong Permata 1  , RM 235 000 , Shah Alam , Apartments ,2005 sq.ft, 4 Bedrooms 
  [HOT AREA NICE DECORATION] Condominium Prima U1 Shah Alam  , RM 300 000 , Cyberjaya , Apartments ,780 sq.ft, 3 Bedrooms 
  [ 700SQFT LEVEL 1 ] Flat PKNS Seksyen 16 Shah Alam  , RM 200 000 , Saujana , Apartments ,753 sq.ft, 3 Bedrooms 
  Duplex Townhouse Sri Mahligai Seksyen 9 Shah Alam  , RM 490 000 , Klang , Apartments ,882 sq.ft, 3 Bedrooms 
  New Condo With Promotion in Putrajaya (7 Unit Left)  , RM 399 999 , Batu Caves , Apartments ,663 sq.ft, 3 Bedrooms 
  (7 Unit Left With Promotion) New Condo in Damansara Damai  , RM 350 000 , Shah Alam , Apartments ,665 sq.ft, 2 Bedrooms 
"  Taman Sri Sentosa, Jalan Bendahara, Freehold, Level 3  ", RM 90 000 , Bangi , Apartments ,850 sq.ft, 3 Bedrooms 
  SKIM 1st HOME FULLOAN Sri Gotong Banjaria [ BULANAN 1K+- ]  , RM 240 000 , Damansara Damai , Apartments ,980 sq.ft, 3 Bedrooms 
  BELOW MARKET VALUE APPARTMENT menara u2 sebelah Aeon Shah Alam  , RM 300 000 , USJ , Apartments ,700 sq.ft, 3 Bedrooms 
  FREEHOLD Kondominium Pelangi Sg Merab Bangi  , RM 310 000 , Kelana Jaya , Apartments ,1913 sq.ft, 4 Bedrooms 
  STRATA O DEPO Bayu Saujana Indah Condo | PRIMA Damansara  , RM 195 000 , Kelana Jaya , Apartments ,817 sq.ft, 3 Bedrooms 
"  For Sale= Main Place Residence USJ, Beside LRT Below Market Price!!!!  ", RM 35 500 , Puchong , Apartments ,855 sq.ft, 3 Bedrooms 
  Service Apartment Kelana Jaya  , RM 680 000 , Bangi , Apartments ,1200 sq.ft, 3 Bedrooms 
  First Sky Facilities in PJ Fully Furnished Package  , RM 580 000 , Ara Damansara , Apartments ,816 sq.ft, 3 Bedrooms 
"  【2nd Floor】[FULL LOAN] Sri Dahlia Apartment, Bandar Puteri Puchong  ", RM 153 000 , Seri Kembangan , Apartments ,450 sq.ft, 1 Bedroom 
  Apartment dahlia bandar seri putra  , RM 100 000 , Bangi , Apartments ,1070 sq.ft, 3 Bedrooms 
  Lily Apartment in Taman Mayang Jaya  , RM 408 000 , Bangi , Apartments ,750 sq.ft, 3 Bedrooms 
  The Sanderson Suites Bukit Serdang 3r2b For SALE !!!!  , RM 420 000 , Klang , Apartments ,615 sq.ft, 2 Bedrooms 
  End lot apt sri tanjung bangi  , RM 190 000 , Seri Kembangan , Apartments ,753 sq.ft, 2 Bedrooms 
  Renovated ground floor apartment  , RM 245 000 , Seri Kembangan , Apartments ,753 sq.ft, 3 Bedrooms 
"  Below Market 27% | Pangsapuri Impian Meru, Meru Klang | 857sf Freehold  ", RM 116 700 , Bandar Utama , Apartments ,689 sq.ft, 3 Bedrooms 
"  Pangsapuri Ruselia , Equine, putrajaya , Seri Kembangan, puchong MRT  ", RM 150 000 , Selayang , Apartments ,652 sq.ft, 3 Bedrooms 
"  Ground floor putra indah ,fully reno ,seri kembangan equine,putrajaya  ", RM 280 000 , Serdang , Apartments ,940 sq.ft, 3 Bedrooms 
"  Glomac Centro,One Utama,Kota Damansara,Damansara Perdana  ", RM 800 000 , Tropicana , Apartments ,900 sq.ft, 3 Bedrooms 
"  APARTMENT FOR SALE at JULIA BANDAR BARU SELAYANG, SELANGOR  ", RM 129 000 , Damansara Damai , Apartments ,800 sq.ft, 4 Bedrooms 
  (Full Loan)* Serdang Perdana Apartment Seri Kembangan  , RM 135 000 , Balakong , Apartments ,864 sq.ft, 3 Bedrooms 
  Bayu Puteri Apartment Nice Unit  , RM 420 000 , Ulu Klang , Apartments ,857 sq.ft, 3 Bedrooms 
"  (TKT 3)* Taman Lestari Perdana Shop Apartment, Seri Kembangan Equine  ", RM 98 000 , Ampang , Apartments ,720 sq.ft, 3 Bedrooms 
  Saujana apartment damansara damai  , RM 250 000 , Gombak , Apartments ,864 sq.ft, 4 Bedrooms 
  [Ready Tenant Rent RM1300 Sublet] Seri Jasa Apartment walk The Mines  , RM 170 000 , Puchong , Apartments ,1423 sq.ft, 4 Bedrooms 
  Residensi Permata Melawati  , RM 463 950 , Damansara Perdana , Apartments ,487 sq.ft, 2 Bedrooms 
"  For sale (1st floor) SRI WIRA APARTMENT ,UKAY PERDANA, AMPANG  ", RM 265 000 , Puchong , Apartments ,720 sq.ft, 3 Bedrooms 
  PANORAMA SENTUL RESIDEN. Tmn Bullion Batu Caves Gombak  , RM 490 000 , Kota Kemuning , Apartments ,850 sq.ft, 3 Bedrooms 
  [FREEHOLD LEVEL 1] ORCHID APARTMENT PUCHONG PRIMA 4 min walking to LRT  , RM 245 000 , Ampang , Apartments ,650 sq.ft, 3 Bedrooms 
"  Metropolitan square condo damansara perdana,  ", RM 900 000 , Sepang ,"
Apartments
","850 sq.ft
","
3 Bedrooms
"
  [NON BUMI TENANTED] Apartment Penaga Mas Puchong Near LRT For Sale  , RM 180 000 , Cyberjaya ,"
Apartments
","950 sq.ft
","
3 Bedrooms
"
  [FREEHOLD GROUND FLOOR] Pangsapuri Sri Kemuning Kota Kemuning S Alam  , RM 285 000 , Puchong , Apartments ,700 sq.ft, 3 Bedrooms 
  Casamas Court !!! Ukay Bistari 0% Deposit !!! 90% Completed  , RM 363 240 , Shah Alam , Apartments ,850 sq.ft, 3 Bedrooms 
  Hot Selling Fast Condo at Sepang ! Fast Contact me NOW!  , RM 236 000 , Shah Alam , Apartments ,1000 sq.ft, 3 Bedrooms 
  High Rental and High Capital Gain at Cyberjaya! Grad it Now!  , RM 247 000 , Shah Alam , Apartments ,850 sq.ft, 3 Bedrooms 
  [MEDIUM COST BELOW MV CORNER] Apartment Puchong Permata 1  , RM 235 000 , Cyberjaya , Apartments ,1130 sq.ft, 3 Bedrooms 
  [HOT AREA NICE DECORATION] Condominium Prima U1 Shah Alam  , RM 300 000 , Saujana , Apartments ,750 sq.ft, 3 Bedrooms 
  [ 700SQFT LEVEL 1 ] Flat PKNS Seksyen 16 Shah Alam  , RM 200 000 , Klang , Apartments ,2005 sq.ft, 4 Bedrooms 
  Duplex Townhouse Sri Mahligai Seksyen 9 Shah Alam  , RM 490 000 , Batu Caves , Apartments ,780 sq.ft, 3 Bedrooms 
  New Condo With Promotion in Putrajaya (7 Unit Left)  , RM 399 999 , Shah Alam , Apartments ,753 sq.ft, 3 Bedrooms 
  (7 Unit Left With Promotion) New Condo in Damansara Damai  , RM 350 000 , Bangi , Apartments ,882 sq.ft, 3 Bedrooms 
"  Taman Sri Sentosa, Jalan Bendahara, Freehold, Level 3  ", RM 90 000 , Damansara Damai , Apartments ,663 sq.ft, 3 Bedrooms 
  SKIM 1st HOME FULLOAN Sri Gotong Banjaria [ BULANAN 1K+- ]  , RM 240 000 , USJ , Apartments ,665 sq.ft, 2 Bedrooms 
  BELOW MARKET VALUE APPARTMENT menara u2 sebelah Aeon Shah Alam  , RM 300 000 , Kelana Jaya , Apartments ,850 sq.ft, 3 Bedrooms 
  FREEHOLD Kondominium Pelangi Sg Merab Bangi  , RM 310 000 , Kelana Jaya , Apartments ,980 sq.ft, 3 Bedrooms 
  STRATA O DEPO Bayu Saujana Indah Condo | PRIMA Damansara  , RM 195 000 , Puchong , Apartments ,700 sq.ft, 3 Bedrooms 
"  For Sale= Main Place Residence USJ, Beside LRT Below Market Price!!!!  ", RM 35 500 , Bangi , Apartments ,1913 sq.ft, 4 Bedrooms 
  Service Apartment Kelana Jaya  , RM 680 000 , Ara Damansara , Apartments ,817 sq.ft, 3 Bedrooms 
  First Sky Facilities in PJ Fully Furnished Package  , RM 580 000 , Seri Kembangan , Apartments ,855 sq.ft, 3 Bedrooms 
"  【2nd Floor】[FULL LOAN] Sri Dahlia Apartment, Bandar Puteri Puchong  ", RM 153 000 , Bangi , Apartments ,1200 sq.ft, 3 Bedrooms 
  Apartment dahlia bandar seri putra  , RM 100 000 , Bangi , Apartments ,816 sq.ft, 3 Bedrooms 
  Lily Apartment in Taman Mayang Jaya  , RM 408 000 , Klang , Apartments ,450 sq.ft, 1 Bedroom 
  The Sanderson Suites Bukit Serdang 3r2b For SALE !!!!  , RM 420 000 , Seri Kembangan , Apartments ,1070 sq.ft, 3 Bedrooms 
  End lot apt sri tanjung bangi  , RM 190 000 , Seri Kembangan , Apartments ,750 sq.ft, 3 Bedrooms 
  Renovated ground floor apartment  , RM 245 000 , Bandar Utama , Apartments ,615 sq.ft, 2 Bedrooms 
"  Below Market 27% | Pangsapuri Impian Meru, Meru Klang | 857sf Freehold  ", RM 116 700 , Selayang , Apartments ,753 sq.ft, 2 Bedrooms 
"  Pangsapuri Ruselia , Equine, putrajaya , Seri Kembangan, puchong MRT  ", RM 150 000 , Serdang , Apartments ,753 sq.ft, 3 Bedrooms 
"  Ground floor putra indah ,fully reno ,seri kembangan equine,putrajaya  ", RM 280 000 , Tropicana , Apartments ,689 sq.ft, 3 Bedrooms 
"  Glomac Centro,One Utama,Kota Damansara,Damansara Perdana  ", RM 800 000 , Damansara Damai , Apartments ,652 sq.ft, 3 Bedrooms 
"  APARTMENT FOR SALE at JULIA BANDAR BARU SELAYANG, SELANGOR  ", RM 129 000 , Balakong , Apartments ,940 sq.ft, 3 Bedrooms 
  (Full Loan)* Serdang Perdana Apartment Seri Kembangan  , RM 135 000 , Ulu Klang , Apartments ,900 sq.ft, 3 Bedrooms 
  Bayu Puteri Apartment Nice Unit  , RM 420 000 , Ampang , Apartments ,800 sq.ft, 4 Bedrooms 
"  (TKT 3)* Taman Lestari Perdana Shop Apartment, Seri Kembangan Equine  ", RM 98 000 , Gombak , Apartments ,864 sq.ft, 3 Bedrooms 
  Saujana apartment damansara damai  , RM 250 000 , Puchong , Apartments ,857 sq.ft, 3 Bedrooms 
  [Ready Tenant Rent RM1300 Sublet] Seri Jasa Apartment walk The Mines  , RM 170 000 , Damansara Perdana , Apartments ,720 sq.ft, 3 Bedrooms 
  Residensi Permata Melawati  , RM 463 950 , Puchong , Apartments ,864 sq.ft, 4 Bedrooms 
"  For sale (1st floor) SRI WIRA APARTMENT ,UKAY PERDANA, AMPANG  ", RM 265 000 , Kota Kemuning , Apartments ,1423 sq.ft, 4 Bedrooms 
  PANORAMA SENTUL RESIDEN. Tmn Bullion Batu Caves Gombak  , RM 490 000 , Ampang , Apartments ,487 sq.ft, 2 Bedrooms 
  [FREEHOLD LEVEL 1] ORCHID APARTMENT PUCHONG PRIMA 4 min walking to LRT  , RM 245 000 , Sepang , Apartments ,720 sq.ft, 3 Bedrooms 
"  Metropolitan square condo damansara perdana,  ", RM 900 000 , Cyberjaya , Apartments ,850 sq.ft, 3 Bedrooms 
  [NON BUMI TENANTED] Apartment Penaga Mas Puchong Near LRT For Sale  , RM 180 000 , Puchong , Apartments ,650 sq.ft, 3 Bedrooms 
  [FREEHOLD GROUND FLOOR] Pangsapuri Sri Kemuning Kota Kemuning S Alam  , RM 285 000 , Shah Alam ,"
Apartments
","1704 sq.ft
","
3 Bedrooms
"
  Casamas Court !!! Ukay Bistari 0% Deposit !!! 90% Completed  , RM 363 240 , Shah Alam ,"
Apartments
","1017 sq.ft
","
3 Bedrooms
"
  Hot Selling Fast Condo at Sepang ! Fast Contact me NOW!  , RM 236 000 , Shah Alam , Apartments ,700 sq.ft, 3 Bedrooms 
  High Rental and High Capital Gain at Cyberjaya! Grad it Now!  , RM 247 000 , Cyberjaya , Apartments ,850 sq.ft, 3 Bedrooms 
  [MEDIUM COST BELOW MV CORNER] Apartment Puchong Permata 1  , RM 235 000 , Saujana , Apartments ,1000 sq.ft, 3 Bedrooms 
  [HOT AREA NICE DECORATION] Condominium Prima U1 Shah Alam  , RM 300 000 , Klang , Apartments ,850 sq.ft, 3 Bedrooms 
  [ 700SQFT LEVEL 1 ] Flat PKNS Seksyen 16 Shah Alam  , RM 200 000 , Batu Caves , Apartments ,1130 sq.ft, 3 Bedrooms 
  Duplex Townhouse Sri Mahligai Seksyen 9 Shah Alam  , RM 490 000 , Shah Alam , Apartments ,750 sq.ft, 3 Bedrooms 
  New Condo With Promotion in Putrajaya (7 Unit Left)  , RM 399 999 , Bangi , Apartments ,2005 sq.ft, 4 Bedrooms 
  (7 Unit Left With Promotion) New Condo in Damansara Damai  , RM 350 000 , Damansara Damai , Apartments ,780 sq.ft, 3 Bedrooms 
"  Taman Sri Sentosa, Jalan Bendahara, Freehold, Level 3  ", RM 90 000 , USJ , Apartments ,753 sq.ft, 3 Bedrooms 
  SKIM 1st HOME FULLOAN Sri Gotong Banjaria [ BULANAN 1K+- ]  , RM 240 000 , Kelana Jaya , Apartments ,882 sq.ft, 3 Bedrooms 
  BELOW MARKET VALUE APPARTMENT menara u2 sebelah Aeon Shah Alam  , RM 300 000 , Kelana Jaya , Apartments ,663 sq.ft, 3 Bedrooms 
  FREEHOLD Kondominium Pelangi Sg Merab Bangi  , RM 310 000 , Puchong , Apartments ,665 sq.ft, 2 Bedrooms 
  STRATA O DEPO Bayu Saujana Indah Condo | PRIMA Damansara  , RM 195 000 , Bangi , Apartments ,850 sq.ft, 3 Bedrooms 
"  For Sale= Main Place Residence USJ, Beside LRT Below Market Price!!!!  ", RM 35 500 , Ara Damansara , Apartments ,980 sq.ft, 3 Bedrooms 
  Service Apartment Kelana Jaya  , RM 680 000 , Seri Kembangan , Apartments ,700 sq.ft, 3 Bedrooms 
  First Sky Facilities in PJ Fully Furnished Package  , RM 580 000 , Bangi , Apartments ,1913 sq.ft, 4 Bedrooms 
"  【2nd Floor】[FULL LOAN] Sri Dahlia Apartment, Bandar Puteri Puchong  ", RM 153 000 , Bangi , Apartments ,817 sq.ft, 3 Bedrooms 
  Apartment dahlia bandar seri putra  , RM 100 000 , Klang , Apartments ,855 sq.ft, 3 Bedrooms 
  Lily Apartment in Taman Mayang Jaya  , RM 408 000 , Seri Kembangan , Apartments ,1200 sq.ft, 3 Bedrooms 
  The Sanderson Suites Bukit Serdang 3r2b For SALE !!!!  , RM 420 000 , Seri Kembangan , Apartments ,816 sq.ft, 3 Bedrooms 
  End lot apt sri tanjung bangi  , RM 190 000 , Bandar Utama , Apartments ,450 sq.ft, 1 Bedroom 
  Renovated ground floor apartment  , RM 245 000 , Selayang , Apartments ,1070 sq.ft, 3 Bedrooms 
"  Below Market 27% | Pangsapuri Impian Meru, Meru Klang | 857sf Freehold  ", RM 116 700 , Serdang , Apartments ,750 sq.ft, 3 Bedrooms 
"  Pangsapuri Ruselia , Equine, putrajaya , Seri Kembangan, puchong MRT  ", RM 150 000 , Tropicana , Apartments ,615 sq.ft, 2 Bedrooms 
"  Ground floor putra indah ,fully reno ,seri kembangan equine,putrajaya  ", RM 280 000 , Damansara Damai , Apartments ,753 sq.ft, 2 Bedrooms 
"  Glomac Centro,One Utama,Kota Damansara,Damansara Perdana  ", RM 800 000 , Balakong , Apartments ,753 sq.ft, 3 Bedrooms 
"  APARTMENT FOR SALE at JULIA BANDAR BARU SELAYANG, SELANGOR  ", RM 129 000 , Ulu Klang , Apartments ,689 sq.ft, 3 Bedrooms 
  (Full Loan)* Serdang Perdana Apartment Seri Kembangan  , RM 135 000 , Ampang , Apartments ,652 sq.ft, 3 Bedrooms 
  Bayu Puteri Apartment Nice Unit  , RM 420 000 , Gombak , Apartments ,940 sq.ft, 3 Bedrooms 
"  (TKT 3)* Taman Lestari Perdana Shop Apartment, Seri Kembangan Equine  ", RM 98 000 , Puchong , Apartments ,900 sq.ft, 3 Bedrooms 
  Saujana apartment damansara damai  , RM 250 000 , Damansara Perdana , Apartments ,800 sq.ft, 4 Bedrooms 
  [Ready Tenant Rent RM1300 Sublet] Seri Jasa Apartment walk The Mines  , RM 170 000 , Puchong , Apartments ,864 sq.ft, 3 Bedrooms 
  Residensi Permata Melawati  , RM 463 950 , Kota Kemuning , Apartments ,857 sq.ft, 3 Bedrooms 
"  For sale (1st floor) SRI WIRA APARTMENT ,UKAY PERDANA, AMPANG  ", RM 265 000 , Ampang , Apartments ,720 sq.ft, 3 Bedrooms 
  PANORAMA SENTUL RESIDEN. Tmn Bullion Batu Caves Gombak  , RM 490 000 , Sepang , Apartments ,864 sq.ft, 4 Bedrooms 
  [FREEHOLD LEVEL 1] ORCHID APARTMENT PUCHONG PRIMA 4 min walking to LRT  , RM 245 000 , Cyberjaya , Apartments ,1423 sq.ft, 4 Bedrooms 
"  Metropolitan square condo damansara perdana,  ", RM 900 000 , Puchong , Apartments ,487 sq.ft, 2 Bedrooms 
  [NON BUMI TENANTED] Apartment Penaga Mas Puchong Near LRT For Sale  , RM 180 000 , Shah Alam , Apartments ,720 sq.ft, 3 Bedrooms 
  [FREEHOLD GROUND FLOOR] Pangsapuri Sri Kemuning Kota Kemuning S Alam  , RM 285 000 , Shah Alam , Apartments ,850 sq.ft, 3 Bedrooms 
  Casamas Court !!! Ukay Bistari 0% Deposit !!! 90% Completed  , RM 363 240 , Shah Alam , Apartments ,650 sq.ft, 3 Bedrooms 
  Hot Selling Fast Condo at Sepang ! Fast Contact me NOW!  , RM 236 000 , Cyberjaya ,"
Apartments
","950 sq.ft
","
3 Bedrooms
"
  High Rental and High Capital Gain at Cyberjaya! Grad it Now!  , RM 247 000 , Saujana ,"
Apartments
","1058 sq.ft
","
3 Bedrooms
"
  [MEDIUM COST BELOW MV CORNER] Apartment Puchong Permata 1  , RM 235 000 , Klang , Apartments ,700 sq.ft, 3 Bedrooms 
  [HOT AREA NICE DECORATION] Condominium Prima U1 Shah Alam  , RM 300 000 , Batu Caves , Apartments ,850 sq.ft, 3 Bedrooms 
  [ 700SQFT LEVEL 1 ] Flat PKNS Seksyen 16 Shah Alam  , RM 200 000 , Shah Alam , Apartments ,1000 sq.ft, 3 Bedrooms 
  Duplex Townhouse Sri Mahligai Seksyen 9 Shah Alam  , RM 490 000 , Bangi , Apartments ,850 sq.ft, 3 Bedrooms 
  New Condo With Promotion in Putrajaya (7 Unit Left)  , RM 399 999 , Damansara Damai , Apartments ,1130 sq.ft, 3 Bedrooms 
  (7 Unit Left With Promotion) New Condo in Damansara Damai  , RM 350 000 , USJ , Apartments ,750 sq.ft, 3 Bedrooms 
"  Taman Sri Sentosa, Jalan Bendahara, Freehold, Level 3  ", RM 90 000 , Kelana Jaya , Apartments ,2005 sq.ft, 4 Bedrooms 
  SKIM 1st HOME FULLOAN Sri Gotong Banjaria [ BULANAN 1K+- ]  , RM 240 000 , Kelana Jaya , Apartments ,780 sq.ft, 3 Bedrooms 
  BELOW MARKET VALUE APPARTMENT menara u2 sebelah Aeon Shah Alam  , RM 300 000 , Puchong , Apartments ,753 sq.ft, 3 Bedrooms 
  FREEHOLD Kondominium Pelangi Sg Merab Bangi  , RM 310 000 , Bangi , Apartments ,882 sq.ft, 3 Bedrooms 
  STRATA O DEPO Bayu Saujana Indah Condo | PRIMA Damansara  , RM 195 000 , Ara Damansara , Apartments ,663 sq.ft, 3 Bedrooms 
"  For Sale= Main Place Residence USJ, Beside LRT Below Market Price!!!!  ", RM 35 500 , Seri Kembangan , Apartments ,665 sq.ft, 2 Bedrooms 
  Service Apartment Kelana Jaya  , RM 680 000 , Bangi , Apartments ,850 sq.ft, 3 Bedrooms 
  First Sky Facilities in PJ Fully Furnished Package  , RM 580 000 , Bangi , Apartments ,980 sq.ft, 3 Bedrooms 
"  【2nd Floor】[FULL LOAN] Sri Dahlia Apartment, Bandar Puteri Puchong  ", RM 153 000 , Klang , Apartments ,700 sq.ft, 3 Bedrooms 
  Apartment dahlia bandar seri putra  , RM 100 000 , Seri Kembangan , Apartments ,1913 sq.ft, 4 Bedrooms 
  Lily Apartment in Taman Mayang Jaya  , RM 408 000 , Seri Kembangan , Apartments ,817 sq.ft, 3 Bedrooms 
  The Sanderson Suites Bukit Serdang 3r2b For SALE !!!!  , RM 420 000 , Bandar Utama , Apartments ,855 sq.ft, 3 Bedrooms 
  End lot apt sri tanjung bangi  , RM 190 000 , Selayang , Apartments ,1200 sq.ft, 3 Bedrooms 
  Renovated ground floor apartment  , RM 245 000 , Serdang , Apartments ,816 sq.ft, 3 Bedrooms 
"  Below Market 27% | Pangsapuri Impian Meru, Meru Klang | 857sf Freehold  ", RM 116 700 , Tropicana , Apartments ,450 sq.ft, 1 Bedroom 
"  Pangsapuri Ruselia , Equine, putrajaya , Seri Kembangan, puchong MRT  ", RM 150 000 , Damansara Damai , Apartments ,1070 sq.ft, 3 Bedrooms 
"  Ground floor putra indah ,fully reno ,seri kembangan equine,putrajaya  ", RM 280 000 , Balakong , Apartments ,750 sq.ft, 3 Bedrooms 
"  Glomac Centro,One Utama,Kota Damansara,Damansara Perdana  ", RM 800 000 , Ulu Klang , Apartments ,615 sq.ft, 2 Bedrooms 
"  APARTMENT FOR SALE at JULIA BANDAR BARU SELAYANG, SELANGOR  ", RM 129 000 , Ampang , Apartments ,753 sq.ft, 2 Bedrooms 
  (Full Loan)* Serdang Perdana Apartment Seri Kembangan  , RM 135 000 , Gombak , Apartments ,753 sq.ft, 3 Bedrooms 
  Bayu Puteri Apartment Nice Unit  , RM 420 000 , Puchong , Apartments ,689 sq.ft, 3 Bedrooms 
"  (TKT 3)* Taman Lestari Perdana Shop Apartment, Seri Kembangan Equine  ", RM 98 000 , Damansara Perdana , Apartments ,652 sq.ft, 3 Bedrooms 
  Saujana apartment damansara damai  , RM 250 000 , Puchong , Apartments ,940 sq.ft, 3 Bedrooms 
  [Ready Tenant Rent RM1300 Sublet] Seri Jasa Apartment walk The Mines  , RM 170 000 , Kota Kemuning , Apartments ,900 sq.ft, 3 Bedrooms 
  Residensi Permata Melawati  , RM 463 950 , Ampang , Apartments ,800 sq.ft, 4 Bedrooms 
"  For sale (1st floor) SRI WIRA APARTMENT ,UKAY PERDANA, AMPANG  ", RM 265 000 , Sepang , Apartments ,864 sq.ft, 3 Bedrooms 
  PANORAMA SENTUL RESIDEN. Tmn Bullion Batu Caves Gombak  , RM 490 000 , Cyberjaya , Apartments ,857 sq.ft, 3 Bedrooms 
  [FREEHOLD LEVEL 1] ORCHID APARTMENT PUCHONG PRIMA 4 min walking to LRT  , RM 245 000 , Puchong , Apartments ,720 sq.ft, 3 Bedrooms 
"  Metropolitan square condo damansara perdana,  ", RM 900 000 , Shah Alam , Apartments ,864 sq.ft, 4 Bedrooms 
  [NON BUMI TENANTED] Apartment Penaga Mas Puchong Near LRT For Sale  , RM 180 000 , Shah Alam , Apartments ,1423 sq.ft, 4 Bedrooms 
  [FREEHOLD GROUND FLOOR] Pangsapuri Sri Kemuning Kota Kemuning S Alam  , RM 285 000 , Shah Alam , Apartments ,487 sq.ft, 2 Bedrooms 
  Casamas Court !!! Ukay Bistari 0% Deposit !!! 90% Completed  , RM 363 240 , Cyberjaya , Apartments ,720 sq.ft, 3 Bedrooms 
  Hot Selling Fast Condo at Sepang ! Fast Contact me NOW!  , RM 236 000 , Saujana , Apartments ,850 sq.ft, 3 Bedrooms 
  High Rental and High Capital Gain at Cyberjaya! Grad it Now!  , RM 247 000 , Klang , Apartments ,650 sq.ft, 3 Bedrooms 
  [MEDIUM COST BELOW MV CORNER] Apartment Puchong Permata 1  , RM 235 000 , Batu Caves ,"
Apartments
","1000 sq.ft
","
3 Bedrooms
"
  [HOT AREA NICE DECORATION] Condominium Prima U1 Shah Alam  , RM 300 000 , Shah Alam ,"
Apartments
","1056 sq.ft
","
3 Bedrooms
"
  [ 700SQFT LEVEL 1 ] Flat PKNS Seksyen 16 Shah Alam  , RM 200 000 , Bangi , Apartments ,700 sq.ft, 3 Bedrooms 
  Duplex Townhouse Sri Mahligai Seksyen 9 Shah Alam  , RM 490 000 , Damansara Damai , Apartments ,850 sq.ft, 3 Bedrooms 
  New Condo With Promotion in Putrajaya (7 Unit Left)  , RM 399 999 , USJ , Apartments ,1000 sq.ft, 3 Bedrooms 
  (7 Unit Left With Promotion) New Condo in Damansara Damai  , RM 350 000 , Kelana Jaya , Apartments ,850 sq.ft, 3 Bedrooms 
"  Taman Sri Sentosa, Jalan Bendahara, Freehold, Level 3  ", RM 90 000 , Kelana Jaya , Apartments ,1130 sq.ft, 3 Bedrooms 
  SKIM 1st HOME FULLOAN Sri Gotong Banjaria [ BULANAN 1K+- ]  , RM 240 000 , Puchong , Apartments ,750 sq.ft, 3 Bedrooms 
  BELOW MARKET VALUE APPARTMENT menara u2 sebelah Aeon Shah Alam  , RM 300 000 , Bangi , Apartments ,2005 sq.ft, 4 Bedrooms 
  FREEHOLD Kondominium Pelangi Sg Merab Bangi  , RM 310 000 , Ara Damansara , Apartments ,780 sq.ft, 3 Bedrooms 
  STRATA O DEPO Bayu Saujana Indah Condo | PRIMA Damansara  , RM 195 000 , Seri Kembangan , Apartments ,753 sq.ft, 3 Bedrooms 
"  For Sale= Main Place Residence USJ, Beside LRT Below Market Price!!!!  ", RM 35 500 , Bangi , Apartments ,882 sq.ft, 3 Bedrooms 
  Service Apartment Kelana Jaya  , RM 680 000 , Bangi , Apartments ,663 sq.ft, 3 Bedrooms 
  First Sky Facilities in PJ Fully Furnished Package  , RM 580 000 , Klang , Apartments ,665 sq.ft, 2 Bedrooms 
"  【2nd Floor】[FULL LOAN] Sri Dahlia Apartment, Bandar Puteri Puchong  ", RM 153 000 , Seri Kembangan , Apartments ,850 sq.ft, 3 Bedrooms 
  Apartment dahlia bandar seri putra  , RM 100 000 , Seri Kembangan , Apartments ,980 sq.ft, 3 Bedrooms 
  Lily Apartment in Taman Mayang Jaya  , RM 408 000 , Bandar Utama , Apartments ,700 sq.ft, 3 Bedrooms 
  The Sanderson Suites Bukit Serdang 3r2b For SALE !!!!  , RM 420 000 , Selayang , Apartments ,1913 sq.ft, 4 Bedrooms 
  End lot apt sri tanjung bangi  , RM 190 000 , Serdang , Apartments ,817 sq.ft, 3 Bedrooms 
  Renovated ground floor apartment  , RM 245 000 , Tropicana , Apartments ,855 sq.ft, 3 Bedrooms 
"  Below Market 27% | Pangsapuri Impian Meru, Meru Klang | 857sf Freehold  ", RM 116 700 , Damansara Damai , Apartments ,1200 sq.ft, 3 Bedrooms 
"  Pangsapuri Ruselia , Equine, putrajaya , Seri Kembangan, puchong MRT  ", RM 150 000 , Balakong , Apartments ,816 sq.ft, 3 Bedrooms 
"  Ground floor putra indah ,fully reno ,seri kembangan equine,putrajaya  ", RM 280 000 , Ulu Klang , Apartments ,450 sq.ft, 1 Bedroom 
"  Glomac Centro,One Utama,Kota Damansara,Damansara Perdana  ", RM 800 000 , Ampang , Apartments ,1070 sq.ft, 3 Bedrooms 
"  APARTMENT FOR SALE at JULIA BANDAR BARU SELAYANG, SELANGOR  ", RM 129 000 , Gombak , Apartments ,750 sq.ft, 3 Bedrooms 
  (Full Loan)* Serdang Perdana Apartment Seri Kembangan  , RM 135 000 , Puchong , Apartments ,615 sq.ft, 2 Bedrooms 
  Bayu Puteri Apartment Nice Unit  , RM 420 000 , Damansara Perdana , Apartments ,753 sq.ft, 2 Bedrooms 
"  (TKT 3)* Taman Lestari Perdana Shop Apartment, Seri Kembangan Equine  ", RM 98 000 , Puchong , Apartments ,753 sq.ft, 3 Bedrooms 
  Saujana apartment damansara damai  , RM 250 000 , Kota Kemuning , Apartments ,689 sq.ft, 3 Bedrooms 
  [Ready Tenant Rent RM1300 Sublet] Seri Jasa Apartment walk The Mines  , RM 170 000 , Ampang , Apartments ,652 sq.ft, 3 Bedrooms 
  Residensi Permata Melawati  , RM 463 950 , Sepang , Apartments ,940 sq.ft, 3 Bedrooms 
"  For sale (1st floor) SRI WIRA APARTMENT ,UKAY PERDANA, AMPANG  ", RM 265 000 , Cyberjaya , Apartments ,900 sq.ft, 3 Bedrooms 
  PANORAMA SENTUL RESIDEN. Tmn Bullion Batu Caves Gombak  , RM 490 000 , Puchong , Apartments ,800 sq.ft, 4 Bedrooms 
  [FREEHOLD LEVEL 1] ORCHID APARTMENT PUCHONG PRIMA 4 min walking to LRT  , RM 245 000 , Shah Alam , Apartments ,864 sq.ft, 3 Bedrooms 
"  Metropolitan square condo damansara perdana,  ", RM 900 000 , Shah Alam , Apartments ,857 sq.ft, 3 Bedrooms 
  [NON BUMI TENANTED] Apartment Penaga Mas Puchong Near LRT For Sale  , RM 180 000 , Shah Alam , Apartments ,720 sq.ft, 3 Bedrooms 
  [FREEHOLD GROUND FLOOR] Pangsapuri Sri Kemuning Kota Kemuning S Alam  , RM 285 000 , Cyberjaya , Apartments ,864 sq.ft, 4 Bedrooms 
  Casamas Court !!! Ukay Bistari 0% Deposit !!! 90% Completed  , RM 363 240 , Saujana , Apartments ,1423 sq.ft, 4 Bedrooms 
  Hot Selling Fast Condo at Sepang ! Fast Contact me NOW!  , RM 236 000 , Klang , Apartments ,487 sq.ft, 2 Bedrooms 
  High Rental and High Capital Gain at Cyberjaya! Grad it Now!  , RM 247 000 , Batu Caves , Apartments ,720 sq.ft, 3 Bedrooms 
  [MEDIUM COST BELOW MV CORNER] Apartment Puchong Permata 1  , RM 235 000 , Shah Alam , Apartments ,850 sq.ft, 3 Bedrooms 
  [HOT AREA NICE DECORATION] Condominium Prima U1 Shah Alam  , RM 300 000 , Bangi , Apartments ,650 sq.ft, 3 Bedrooms 
  [ 700SQFT LEVEL 1 ] Flat PKNS Seksyen 16 Shah Alam  , RM 200 000 , Damansara Damai ,"
Apartments
","850 sq.ft
","
3 Bedrooms
"
  Duplex Townhouse Sri Mahligai Seksyen 9 Shah Alam  , RM 490 000 , USJ ,"
Apartments
","635 sq.ft
","
2 Bedrooms
"
  New Condo With Promotion in Putrajaya (7 Unit Left)  , RM 399 999 , Kelana Jaya , Apartments ,700 sq.ft, 3 Bedrooms 
  (7 Unit Left With Promotion) New Condo in Damansara Damai  , RM 350 000 , Kelana Jaya , Apartments ,850 sq.ft, 3 Bedrooms 
"  Taman Sri Sentosa, Jalan Bendahara, Freehold, Level 3  ", RM 90 000 , Puchong , Apartments ,1000 sq.ft, 3 Bedrooms 
  SKIM 1st HOME FULLOAN Sri Gotong Banjaria [ BULANAN 1K+- ]  , RM 240 000 , Bangi , Apartments ,850 sq.ft, 3 Bedrooms 
  BELOW MARKET VALUE APPARTMENT menara u2 sebelah Aeon Shah Alam  , RM 300 000 , Ara Damansara , Apartments ,1130 sq.ft, 3 Bedrooms 
  FREEHOLD Kondominium Pelangi Sg Merab Bangi  , RM 310 000 , Seri Kembangan , Apartments ,750 sq.ft, 3 Bedrooms 
  STRATA O DEPO Bayu Saujana Indah Condo | PRIMA Damansara  , RM 195 000 , Bangi , Apartments ,2005 sq.ft, 4 Bedrooms 
"  For Sale= Main Place Residence USJ, Beside LRT Below Market Price!!!!  ", RM 35 500 , Bangi , Apartments ,780 sq.ft, 3 Bedrooms 
  Service Apartment Kelana Jaya  , RM 680 000 , Klang , Apartments ,753 sq.ft, 3 Bedrooms 
  First Sky Facilities in PJ Fully Furnished Package  , RM 580 000 , Seri Kembangan , Apartments ,882 sq.ft, 3 Bedrooms 
"  【2nd Floor】[FULL LOAN] Sri Dahlia Apartment, Bandar Puteri Puchong  ", RM 153 000 , Seri Kembangan , Apartments ,663 sq.ft, 3 Bedrooms 
  Apartment dahlia bandar seri putra  , RM 100 000 , Bandar Utama , Apartments ,665 sq.ft, 2 Bedrooms 
  Lily Apartment in Taman Mayang Jaya  , RM 408 000 , Selayang , Apartments ,850 sq.ft, 3 Bedrooms 
  The Sanderson Suites Bukit Serdang 3r2b For SALE !!!!  , RM 420 000 , Serdang , Apartments ,980 sq.ft, 3 Bedrooms 
  End lot apt sri tanjung bangi  , RM 190 000 , Tropicana , Apartments ,700 sq.ft, 3 Bedrooms 
  Renovated ground floor apartment  , RM 245 000 , Damansara Damai , Apartments ,1913 sq.ft, 4 Bedrooms 
"  Below Market 27% | Pangsapuri Impian Meru, Meru Klang | 857sf Freehold  ", RM 116 700 , Balakong , Apartments ,817 sq.ft, 3 Bedrooms 
"  Pangsapuri Ruselia , Equine, putrajaya , Seri Kembangan, puchong MRT  ", RM 150 000 , Ulu Klang , Apartments ,855 sq.ft, 3 Bedrooms 
"  Ground floor putra indah ,fully reno ,seri kembangan equine,putrajaya  ", RM 280 000 , Ampang , Apartments ,1200 sq.ft, 3 Bedrooms 
"  Glomac Centro,One Utama,Kota Damansara,Damansara Perdana  ", RM 800 000 , Gombak , Apartments ,816 sq.ft, 3 Bedrooms 
"  APARTMENT FOR SALE at JULIA BANDAR BARU SELAYANG, SELANGOR  ", RM 129 000 , Puchong , Apartments ,450 sq.ft, 1 Bedroom 
  (Full Loan)* Serdang Perdana Apartment Seri Kembangan  , RM 135 000 , Damansara Perdana , Apartments ,1070 sq.ft, 3 Bedrooms 
  Bayu Puteri Apartment Nice Unit  , RM 420 000 , Puchong , Apartments ,750 sq.ft, 3 Bedrooms 
"  (TKT 3)* Taman Lestari Perdana Shop Apartment, Seri Kembangan Equine  ", RM 98 000 , Kota Kemuning , Apartments ,615 sq.ft, 2 Bedrooms 
  Saujana apartment damansara damai  , RM 250 000 , Ampang , Apartments ,753 sq.ft, 2 Bedrooms 
  [Ready Tenant Rent RM1300 Sublet] Seri Jasa Apartment walk The Mines  , RM 170 000 , Sepang , Apartments ,753 sq.ft, 3 Bedrooms 
  Residensi Permata Melawati  , RM 463 950 , Cyberjaya , Apartments ,689 sq.ft, 3 Bedrooms 
"  For sale (1st floor) SRI WIRA APARTMENT ,UKAY PERDANA, AMPANG  ", RM 265 000 , Puchong , Apartments ,652 sq.ft, 3 Bedrooms 
  PANORAMA SENTUL RESIDEN. Tmn Bullion Batu Caves Gombak  , RM 490 000 , Shah Alam , Apartments ,940 sq.ft, 3 Bedrooms 
  [FREEHOLD LEVEL 1] ORCHID APARTMENT PUCHONG PRIMA 4 min walking to LRT  , RM 245 000 , Shah Alam , Apartments ,900 sq.ft, 3 Bedrooms 
"  Metropolitan square condo damansara perdana,  ", RM 900 000 , Shah Alam , Apartments ,800 sq.ft, 4 Bedrooms 
  [NON BUMI TENANTED] Apartment Penaga Mas Puchong Near LRT For Sale  , RM 180 000 , Cyberjaya , Apartments ,864 sq.ft, 3 Bedrooms 
  [FREEHOLD GROUND FLOOR] Pangsapuri Sri Kemuning Kota Kemuning S Alam  , RM 285 000 , Saujana , Apartments ,857 sq.ft, 3 Bedrooms 
  Casamas Court !!! Ukay Bistari 0% Deposit !!! 90% Completed  , RM 363 240 , Klang , Apartments ,720 sq.ft, 3 Bedrooms 
  Hot Selling Fast Condo at Sepang ! Fast Contact me NOW!  , RM 236 000 , Batu Caves , Apartments ,864 sq.ft, 4 Bedrooms 
  High Rental and High Capital Gain at Cyberjaya! Grad it Now!  , RM 247 000 , Shah Alam , Apartments ,1423 sq.ft, 4 Bedrooms 
  [MEDIUM COST BELOW MV CORNER] Apartment Puchong Permata 1  , RM 235 000 , Bangi , Apartments ,487 sq.ft, 2 Bedrooms 
  [HOT AREA NICE DECORATION] Condominium Prima U1 Shah Alam  , RM 300 000 , Damansara Damai , Apartments ,720 sq.ft, 3 Bedrooms 
  [ 700SQFT LEVEL 1 ] Flat PKNS Seksyen 16 Shah Alam  , RM 200 000 , USJ , Apartments ,850 sq.ft, 3 Bedrooms 
  Duplex Townhouse Sri Mahligai Seksyen 9 Shah Alam  , RM 490 000 , Kelana Jaya , Apartments ,650 sq.ft, 3 Bedrooms 
  New Condo With Promotion in Putrajaya (7 Unit Left)  , RM 399 999 , Kelana Jaya ,"
Apartments
","956 sq.ft
","
3 Bedrooms
"
  (7 Unit Left With Promotion) New Condo in Damansara Damai  , RM 350 000 , Puchong ,"
Apartments
","915 sq.ft
","
3 Bedrooms
"
"  Taman Sri Sentosa, Jalan Bendahara, Freehold, Level 3  ", RM 90 000 , Bangi , Apartments ,700 sq.ft, 3 Bedrooms 
  SKIM 1st HOME FULLOAN Sri Gotong Banjaria [ BULANAN 1K+- ]  , RM 240 000 , Ara Damansara , Apartments ,850 sq.ft, 3 Bedrooms 
  BELOW MARKET VALUE APPARTMENT menara u2 sebelah Aeon Shah Alam  , RM 300 000 , Seri Kembangan , Apartments ,1000 sq.ft, 3 Bedrooms 
  FREEHOLD Kondominium Pelangi Sg Merab Bangi  , RM 310 000 , Bangi , Apartments ,850 sq.ft, 3 Bedrooms 
  STRATA O DEPO Bayu Saujana Indah Condo | PRIMA Damansara  , RM 195 000 , Bangi , Apartments ,1130 sq.ft, 3 Bedrooms 
"  For Sale= Main Place Residence USJ, Beside LRT Below Market Price!!!!  ", RM 35 500 , Klang , Apartments ,750 sq.ft, 3 Bedrooms 
  Service Apartment Kelana Jaya  , RM 680 000 , Seri Kembangan , Apartments ,2005 sq.ft, 4 Bedrooms 
  First Sky Facilities in PJ Fully Furnished Package  , RM 580 000 , Seri Kembangan , Apartments ,780 sq.ft, 3 Bedrooms 
"  【2nd Floor】[FULL LOAN] Sri Dahlia Apartment, Bandar Puteri Puchong  ", RM 153 000 , Bandar Utama , Apartments ,753 sq.ft, 3 Bedrooms 
  Apartment dahlia bandar seri putra  , RM 100 000 , Selayang , Apartments ,882 sq.ft, 3 Bedrooms 
  Lily Apartment in Taman Mayang Jaya  , RM 408 000 , Serdang , Apartments ,663 sq.ft, 3 Bedrooms 
  The Sanderson Suites Bukit Serdang 3r2b For SALE !!!!  , RM 420 000 , Tropicana , Apartments ,665 sq.ft, 2 Bedrooms 
  End lot apt sri tanjung bangi  , RM 190 000 , Damansara Damai , Apartments ,850 sq.ft, 3 Bedrooms 
  Renovated ground floor apartment  , RM 245 000 , Balakong , Apartments ,980 sq.ft, 3 Bedrooms 
"  Below Market 27% | Pangsapuri Impian Meru, Meru Klang | 857sf Freehold  ", RM 116 700 , Ulu Klang , Apartments ,700 sq.ft, 3 Bedrooms 
"  Pangsapuri Ruselia , Equine, putrajaya , Seri Kembangan, puchong MRT  ", RM 150 000 , Ampang , Apartments ,1913 sq.ft, 4 Bedrooms 
"  Ground floor putra indah ,fully reno ,seri kembangan equine,putrajaya  ", RM 280 000 , Gombak , Apartments ,817 sq.ft, 3 Bedrooms 
"  Glomac Centro,One Utama,Kota Damansara,Damansara Perdana  ", RM 800 000 , Puchong , Apartments ,855 sq.ft, 3 Bedrooms 
"  APARTMENT FOR SALE at JULIA BANDAR BARU SELAYANG, SELANGOR  ", RM 129 000 , Damansara Perdana , Apartments ,1200 sq.ft, 3 Bedrooms 
  (Full Loan)* Serdang Perdana Apartment Seri Kembangan  , RM 135 000 , Puchong , Apartments ,816 sq.ft, 3 Bedrooms 
  Bayu Puteri Apartment Nice Unit  , RM 420 000 , Kota Kemuning , Apartments ,450 sq.ft, 1 Bedroom 
"  (TKT 3)* Taman Lestari Perdana Shop Apartment, Seri Kembangan Equine  ", RM 98 000 , Ampang , Apartments ,1070 sq.ft, 3 Bedrooms 
  Saujana apartment damansara damai  , RM 250 000 , Sepang , Apartments ,750 sq.ft, 3 Bedrooms 
  [Ready Tenant Rent RM1300 Sublet] Seri Jasa Apartment walk The Mines  , RM 170 000 , Cyberjaya , Apartments ,615 sq.ft, 2 Bedrooms 
  Residensi Permata Melawati  , RM 463 950 , Puchong , Apartments ,753 sq.ft, 2 Bedrooms 
"  For sale (1st floor) SRI WIRA APARTMENT ,UKAY PERDANA, AMPANG  ", RM 265 000 , Shah Alam , Apartments ,753 sq.ft, 3 Bedrooms 
  PANORAMA SENTUL RESIDEN. Tmn Bullion Batu Caves Gombak  , RM 490 000 , Shah Alam , Apartments ,689 sq.ft, 3 Bedrooms 
  [FREEHOLD LEVEL 1] ORCHID APARTMENT PUCHONG PRIMA 4 min walking to LRT  , RM 245 000 , Shah Alam , Apartments ,652 sq.ft, 3 Bedrooms 
"  Metropolitan square condo damansara perdana,  ", RM 900 000 , Cyberjaya , Apartments ,940 sq.ft, 3 Bedrooms 
  [NON BUMI TENANTED] Apartment Penaga Mas Puchong Near LRT For Sale  , RM 180 000 , Saujana , Apartments ,900 sq.ft, 3 Bedrooms 
  [FREEHOLD GROUND FLOOR] Pangsapuri Sri Kemuning Kota Kemuning S Alam  , RM 285 000 , Klang , Apartments ,800 sq.ft, 4 Bedrooms 
  Casamas Court !!! Ukay Bistari 0% Deposit !!! 90% Completed  , RM 363 240 , Batu Caves , Apartments ,864 sq.ft, 3 Bedrooms 
  Hot Selling Fast Condo at Sepang ! Fast Contact me NOW!  , RM 236 000 , Shah Alam , Apartments ,857 sq.ft, 3 Bedrooms 
  High Rental and High Capital Gain at Cyberjaya! Grad it Now!  , RM 247 000 , Bangi , Apartments ,720 sq.ft, 3 Bedrooms 
  [MEDIUM COST BELOW MV CORNER] Apartment Puchong Permata 1  , RM 235 000 , Damansara Damai , Apartments ,864 sq.ft, 4 Bedrooms 
  [HOT AREA NICE DECORATION] Condominium Prima U1 Shah Alam  , RM 300 000 , USJ , Apartments ,1423 sq.ft, 4 Bedrooms 
  [ 700SQFT LEVEL 1 ] Flat PKNS Seksyen 16 Shah Alam  , RM 200 000 , Kelana Jaya , Apartments ,487 sq.ft, 2 Bedrooms 
  Duplex Townhouse Sri Mahligai Seksyen 9 Shah Alam  , RM 490 000 , Kelana Jaya , Apartments ,720 sq.ft, 3 Bedrooms 
  New Condo With Promotion in Putrajaya (7 Unit Left)  , RM 399 999 , Puchong , Apartments ,850 sq.ft, 3 Bedrooms 
  (7 Unit Left With Promotion) New Condo in Damansara Damai  , RM 350 000 , Bangi , Apartments ,650 sq.ft, 3 Bedrooms 
"  Taman Sri Sentosa, Jalan Bendahara, Freehold, Level 3  ", RM 90 000 , Ara Damansara ,"
Apartments
","936 sq.ft
","
3 Bedrooms
"
  SKIM 1st HOME FULLOAN Sri Gotong Banjaria [ BULANAN 1K+- ]  , RM 240 000 , Seri Kembangan ,"
Apartments
","780 sq.ft
","
6 Bedrooms
"
  BELOW MARKET VALUE APPARTMENT menara u2 sebelah Aeon Shah Alam  , RM 300 000 , Bangi , Apartments ,700 sq.ft, 3 Bedrooms 
  FREEHOLD Kondominium Pelangi Sg Merab Bangi  , RM 310 000 , Bangi , Apartments ,850 sq.ft, 3 Bedrooms 
  STRATA O DEPO Bayu Saujana Indah Condo | PRIMA Damansara  , RM 195 000 , Klang , Apartments ,1000 sq.ft, 3 Bedrooms 
"  For Sale= Main Place Residence USJ, Beside LRT Below Market Price!!!!  ", RM 35 500 , Seri Kembangan , Apartments ,850 sq.ft, 3 Bedrooms 
  Service Apartment Kelana Jaya  , RM 680 000 , Seri Kembangan , Apartments ,1130 sq.ft, 3 Bedrooms 
  First Sky Facilities in PJ Fully Furnished Package  , RM 580 000 , Bandar Utama , Apartments ,750 sq.ft, 3 Bedrooms 
"  【2nd Floor】[FULL LOAN] Sri Dahlia Apartment, Bandar Puteri Puchong  ", RM 153 000 , Selayang , Apartments ,2005 sq.ft, 4 Bedrooms 
  Apartment dahlia bandar seri putra  , RM 100 000 , Serdang , Apartments ,780 sq.ft, 3 Bedrooms 
  Lily Apartment in Taman Mayang Jaya  , RM 408 000 , Tropicana , Apartments ,753 sq.ft, 3 Bedrooms 
  The Sanderson Suites Bukit Serdang 3r2b For SALE !!!!  , RM 420 000 , Damansara Damai , Apartments ,882 sq.ft, 3 Bedrooms 
  End lot apt sri tanjung bangi  , RM 190 000 , Balakong , Apartments ,663 sq.ft, 3 Bedrooms 
  Renovated ground floor apartment  , RM 245 000 , Ulu Klang , Apartments ,665 sq.ft, 2 Bedrooms 
"  Below Market 27% | Pangsapuri Impian Meru, Meru Klang | 857sf Freehold  ", RM 116 700 , Ampang , Apartments ,850 sq.ft, 3 Bedrooms 
"  Pangsapuri Ruselia , Equine, putrajaya , Seri Kembangan, puchong MRT  ", RM 150 000 , Gombak , Apartments ,980 sq.ft, 3 Bedrooms 
"  Ground floor putra indah ,fully reno ,seri kembangan equine,putrajaya  ", RM 280 000 , Puchong , Apartments ,700 sq.ft, 3 Bedrooms 
"  Glomac Centro,One Utama,Kota Damansara,Damansara Perdana  ", RM 800 000 , Damansara Perdana , Apartments ,1913 sq.ft, 4 Bedrooms 
"  APARTMENT FOR SALE at JULIA BANDAR BARU SELAYANG, SELANGOR  ", RM 129 000 , Puchong , Apartments ,817 sq.ft, 3 Bedrooms 
  (Full Loan)* Serdang Perdana Apartment Seri Kembangan  , RM 135 000 , Kota Kemuning , Apartments ,855 sq.ft, 3 Bedrooms 
  Bayu Puteri Apartment Nice Unit  , RM 420 000 , Ampang , Apartments ,1200 sq.ft, 3 Bedrooms 
"  (TKT 3)* Taman Lestari Perdana Shop Apartment, Seri Kembangan Equine  ", RM 98 000 , Sepang , Apartments ,816 sq.ft, 3 Bedrooms 
  Saujana apartment damansara damai  , RM 250 000 , Cyberjaya , Apartments ,450 sq.ft, 1 Bedroom 
  [Ready Tenant Rent RM1300 Sublet] Seri Jasa Apartment walk The Mines  , RM 170 000 , Puchong , Apartments ,1070 sq.ft, 3 Bedrooms 
  Residensi Permata Melawati  , RM 463 950 , Shah Alam , Apartments ,750 sq.ft, 3 Bedrooms 
"  For sale (1st floor) SRI WIRA APARTMENT ,UKAY PERDANA, AMPANG  ", RM 265 000 , Shah Alam , Apartments ,615 sq.ft, 2 Bedrooms 
  PANORAMA SENTUL RESIDEN. Tmn Bullion Batu Caves Gombak  , RM 490 000 , Shah Alam , Apartments ,753 sq.ft, 2 Bedrooms 
  [FREEHOLD LEVEL 1] ORCHID APARTMENT PUCHONG PRIMA 4 min walking to LRT  , RM 245 000 , Cyberjaya , Apartments ,753 sq.ft, 3 Bedrooms 
"  Metropolitan square condo damansara perdana,  ", RM 900 000 , Saujana , Apartments ,689 sq.ft, 3 Bedrooms 
  [NON BUMI TENANTED] Apartment Penaga Mas Puchong Near LRT For Sale  , RM 180 000 , Klang , Apartments ,652 sq.ft, 3 Bedrooms 
  [FREEHOLD GROUND FLOOR] Pangsapuri Sri Kemuning Kota Kemuning S Alam  , RM 285 000 , Batu Caves , Apartments ,940 sq.ft, 3 Bedrooms 
  Casamas Court !!! Ukay Bistari 0% Deposit !!! 90% Completed  , RM 363 240 , Shah Alam , Apartments ,900 sq.ft, 3 Bedrooms 
  Hot Selling Fast Condo at Sepang ! Fast Contact me NOW!  , RM 236 000 , Bangi , Apartments ,800 sq.ft, 4 Bedrooms 
  High Rental and High Capital Gain at Cyberjaya! Grad it Now!  , RM 247 000 , Damansara Damai , Apartments ,864 sq.ft, 3 Bedrooms 
  [MEDIUM COST BELOW MV CORNER] Apartment Puchong Permata 1  , RM 235 000 , USJ , Apartments ,857 sq.ft, 3 Bedrooms 
  [HOT AREA NICE DECORATION] Condominium Prima U1 Shah Alam  , RM 300 000 , Kelana Jaya , Apartments ,720 sq.ft, 3 Bedrooms 
  [ 700SQFT LEVEL 1 ] Flat PKNS Seksyen 16 Shah Alam  , RM 200 000 , Kelana Jaya , Apartments ,864 sq.ft, 4 Bedrooms 
  Duplex Townhouse Sri Mahligai Seksyen 9 Shah Alam  , RM 490 000 , Puchong , Apartments ,1423 sq.ft, 4 Bedrooms 
  New Condo With Promotion in Putrajaya (7 Unit Left)  , RM 399 999 , Bangi , Apartments ,487 sq.ft, 2 Bedrooms 
  (7 Unit Left With Promotion) New Condo in Damansara Damai  , RM 350 000 , Ara Damansara , Apartments ,720 sq.ft, 3 Bedrooms 
"  Taman Sri Sentosa, Jalan Bendahara, Freehold, Level 3  ", RM 90 000 , Seri Kembangan , Apartments ,850 sq.ft, 3 Bedrooms 
  SKIM 1st HOME FULLOAN Sri Gotong Banjaria [ BULANAN 1K+- ]  , RM 240 000 , Bangi , Apartments ,650 sq.ft, 3 Bedrooms 
  BELOW MARKET VALUE APPARTMENT menara u2 sebelah Aeon Shah Alam  , RM 300 000 , Bangi ,"
Apartments
","1022 sq.ft
","
3 Bedrooms
"
  FREEHOLD Kondominium Pelangi Sg Merab Bangi  , RM 310 000 , Klang ,"
Apartments
","1219 sq.ft
","
3 Bedrooms
"
  STRATA O DEPO Bayu Saujana Indah Condo | PRIMA Damansara  , RM 195 000 , Seri Kembangan , Apartments ,700 sq.ft, 3 Bedrooms 
"  For Sale= Main Place Residence USJ, Beside LRT Below Market Price!!!!  ", RM 35 500 , Seri Kembangan , Apartments ,850 sq.ft, 3 Bedrooms 
  Service Apartment Kelana Jaya  , RM 680 000 , Bandar Utama , Apartments ,1000 sq.ft, 3 Bedrooms 
  First Sky Facilities in PJ Fully Furnished Package  , RM 580 000 , Selayang , Apartments ,850 sq.ft, 3 Bedrooms 
"  【2nd Floor】[FULL LOAN] Sri Dahlia Apartment, Bandar Puteri Puchong  ", RM 153 000 , Serdang , Apartments ,1130 sq.ft, 3 Bedrooms 
  Apartment dahlia bandar seri putra  , RM 100 000 , Tropicana , Apartments ,750 sq.ft, 3 Bedrooms 
  Lily Apartment in Taman Mayang Jaya  , RM 408 000 , Damansara Damai , Apartments ,2005 sq.ft, 4 Bedrooms 
  The Sanderson Suites Bukit Serdang 3r2b For SALE !!!!  , RM 420 000 , Balakong , Apartments ,780 sq.ft, 3 Bedrooms 
  End lot apt sri tanjung bangi  , RM 190 000 , Ulu Klang , Apartments ,753 sq.ft, 3 Bedrooms 
  Renovated ground floor apartment  , RM 245 000 , Ampang , Apartments ,882 sq.ft, 3 Bedrooms 
"  Below Market 27% | Pangsapuri Impian Meru, Meru Klang | 857sf Freehold  ", RM 116 700 , Gombak , Apartments ,663 sq.ft, 3 Bedrooms 
"  Pangsapuri Ruselia , Equine, putrajaya , Seri Kembangan, puchong MRT  ", RM 150 000 , Puchong , Apartments ,665 sq.ft, 2 Bedrooms 
"  Ground floor putra indah ,fully reno ,seri kembangan equine,putrajaya  ", RM 280 000 , Damansara Perdana , Apartments ,850 sq.ft, 3 Bedrooms 
"  Glomac Centro,One Utama,Kota Damansara,Damansara Perdana  ", RM 800 000 , Puchong , Apartments ,980 sq.ft, 3 Bedrooms 
"  APARTMENT FOR SALE at JULIA BANDAR BARU SELAYANG, SELANGOR  ", RM 129 000 , Kota Kemuning , Apartments ,700 sq.ft, 3 Bedrooms 
  (Full Loan)* Serdang Perdana Apartment Seri Kembangan  , RM 135 000 , Ampang , Apartments ,1913 sq.ft, 4 Bedrooms 
  Bayu Puteri Apartment Nice Unit  , RM 420 000 , Sepang , Apartments ,817 sq.ft, 3 Bedrooms 
"  (TKT 3)* Taman Lestari Perdana Shop Apartment, Seri Kembangan Equine  ", RM 98 000 , Cyberjaya , Apartments ,855 sq.ft, 3 Bedrooms 
  Saujana apartment damansara damai  , RM 250 000 , Puchong , Apartments ,1200 sq.ft, 3 Bedrooms 
  [Ready Tenant Rent RM1300 Sublet] Seri Jasa Apartment walk The Mines  , RM 170 000 , Shah Alam , Apartments ,816 sq.ft, 3 Bedrooms 
  Residensi Permata Melawati  , RM 463 950 , Shah Alam , Apartments ,450 sq.ft, 1 Bedroom 
"  For sale (1st floor) SRI WIRA APARTMENT ,UKAY PERDANA, AMPANG  ", RM 265 000 , Shah Alam , Apartments ,1070 sq.ft, 3 Bedrooms 
  PANORAMA SENTUL RESIDEN. Tmn Bullion Batu Caves Gombak  , RM 490 000 , Cyberjaya , Apartments ,750 sq.ft, 3 Bedrooms 
  [FREEHOLD LEVEL 1] ORCHID APARTMENT PUCHONG PRIMA 4 min walking to LRT  , RM 245 000 , Saujana , Apartments ,615 sq.ft, 2 Bedrooms 
"  Metropolitan square condo damansara perdana,  ", RM 900 000 , Klang , Apartments ,753 sq.ft, 2 Bedrooms 
  [NON BUMI TENANTED] Apartment Penaga Mas Puchong Near LRT For Sale  , RM 180 000 , Batu Caves , Apartments ,753 sq.ft, 3 Bedrooms 
  [FREEHOLD GROUND FLOOR] Pangsapuri Sri Kemuning Kota Kemuning S Alam  , RM 285 000 , Shah Alam , Apartments ,689 sq.ft, 3 Bedrooms 
  Casamas Court !!! Ukay Bistari 0% Deposit !!! 90% Completed  , RM 363 240 , Bangi , Apartments ,652 sq.ft, 3 Bedrooms 
  Hot Selling Fast Condo at Sepang ! Fast Contact me NOW!  , RM 236 000 , Damansara Damai , Apartments ,940 sq.ft, 3 Bedrooms 
  High Rental and High Capital Gain at Cyberjaya! Grad it Now!  , RM 247 000 , USJ , Apartments ,900 sq.ft, 3 Bedrooms 
  [MEDIUM COST BELOW MV CORNER] Apartment Puchong Permata 1  , RM 235 000 , Kelana Jaya , Apartments ,800 sq.ft, 4 Bedrooms 
  [HOT AREA NICE DECORATION] Condominium Prima U1 Shah Alam  , RM 300 000 , Kelana Jaya , Apartments ,864 sq.ft, 3 Bedrooms 
  [ 700SQFT LEVEL 1 ] Flat PKNS Seksyen 16 Shah Alam  , RM 200 000 , Puchong , Apartments ,857 sq.ft, 3 Bedrooms 
  Duplex Townhouse Sri Mahligai Seksyen 9 Shah Alam  , RM 490 000 , Bangi , Apartments ,720 sq.ft, 3 Bedrooms 
  New Condo With Promotion in Putrajaya (7 Unit Left)  , RM 399 999 , Ara Damansara , Apartments ,864 sq.ft, 4 Bedrooms 
  (7 Unit Left With Promotion) New Condo in Damansara Damai  , RM 350 000 , Seri Kembangan , Apartments ,1423 sq.ft, 4 Bedrooms 
"  Taman Sri Sentosa, Jalan Bendahara, Freehold, Level 3  ", RM 90 000 , Bangi , Apartments ,487 sq.ft, 2 Bedrooms 
  SKIM 1st HOME FULLOAN Sri Gotong Banjaria [ BULANAN 1K+- ]  , RM 240 000 , Bangi , Apartments ,720 sq.ft, 3 Bedrooms 
  BELOW MARKET VALUE APPARTMENT menara u2 sebelah Aeon Shah Alam  , RM 300 000 , Klang , Apartments ,850 sq.ft, 3 Bedrooms 
  FREEHOLD Kondominium Pelangi Sg Merab Bangi  , RM 310 000 , Seri Kembangan , Apartments ,650 sq.ft, 3 Bedrooms 
  STRATA O DEPO Bayu Saujana Indah Condo | PRIMA Damansara  , RM 195 000 , Seri Kembangan ,"
Apartments
","1044 sq.ft
","
3 Bedrooms
"
"  For Sale= Main Place Residence USJ, Beside LRT Below Market Price!!!!  ", RM 35 500 , Bandar Utama ,"
Apartments
","850 sq.ft
","
3 Bedrooms
"
  Service Apartment Kelana Jaya  , RM 680 000 , Selayang , Apartments ,700 sq.ft, 3 Bedrooms 
  First Sky Facilities in PJ Fully Furnished Package  , RM 580 000 , Serdang , Apartments ,850 sq.ft, 3 Bedrooms 
"  【2nd Floor】[FULL LOAN] Sri Dahlia Apartment, Bandar Puteri Puchong  ", RM 153 000 , Tropicana , Apartments ,1000 sq.ft, 3 Bedrooms 
  Apartment dahlia bandar seri putra  , RM 100 000 , Damansara Damai , Apartments ,850 sq.ft, 3 Bedrooms 
  Lily Apartment in Taman Mayang Jaya  , RM 408 000 , Balakong , Apartments ,1130 sq.ft, 3 Bedrooms 
  The Sanderson Suites Bukit Serdang 3r2b For SALE !!!!  , RM 420 000 , Ulu Klang , Apartments ,750 sq.ft, 3 Bedrooms 
  End lot apt sri tanjung bangi  , RM 190 000 , Ampang , Apartments ,2005 sq.ft, 4 Bedrooms 
  Renovated ground floor apartment  , RM 245 000 , Gombak , Apartments ,780 sq.ft, 3 Bedrooms 
"  Below Market 27% | Pangsapuri Impian Meru, Meru Klang | 857sf Freehold  ", RM 116 700 , Puchong , Apartments ,753 sq.ft, 3 Bedrooms 
"  Pangsapuri Ruselia , Equine, putrajaya , Seri Kembangan, puchong MRT  ", RM 150 000 , Damansara Perdana , Apartments ,882 sq.ft, 3 Bedrooms 
"  Ground floor putra indah ,fully reno ,seri kembangan equine,putrajaya  ", RM 280 000 , Puchong , Apartments ,663 sq.ft, 3 Bedrooms 
"  Glomac Centro,One Utama,Kota Damansara,Damansara Perdana  ", RM 800 000 , Kota Kemuning , Apartments ,665 sq.ft, 2 Bedrooms 
"  APARTMENT FOR SALE at JULIA BANDAR BARU SELAYANG, SELANGOR  ", RM 129 000 , Ampang , Apartments ,850 sq.ft, 3 Bedrooms 
  (Full Loan)* Serdang Perdana Apartment Seri Kembangan  , RM 135 000 , Sepang , Apartments ,980 sq.ft, 3 Bedrooms 
  Bayu Puteri Apartment Nice Unit  , RM 420 000 , Cyberjaya , Apartments ,700 sq.ft, 3 Bedrooms 
"  (TKT 3)* Taman Lestari Perdana Shop Apartment, Seri Kembangan Equine  ", RM 98 000 , Puchong , Apartments ,1913 sq.ft, 4 Bedrooms 
  Saujana apartment damansara damai  , RM 250 000 , Shah Alam , Apartments ,817 sq.ft, 3 Bedrooms 
  [Ready Tenant Rent RM1300 Sublet] Seri Jasa Apartment walk The Mines  , RM 170 000 , Shah Alam , Apartments ,855 sq.ft, 3 Bedrooms 
  Residensi Permata Melawati  , RM 463 950 , Shah Alam , Apartments ,1200 sq.ft, 3 Bedrooms 
"  For sale (1st floor) SRI WIRA APARTMENT ,UKAY PERDANA, AMPANG  ", RM 265 000 , Cyberjaya , Apartments ,816 sq.ft, 3 Bedrooms 
  PANORAMA SENTUL RESIDEN. Tmn Bullion Batu Caves Gombak  , RM 490 000 , Saujana , Apartments ,450 sq.ft, 1 Bedroom 
  [FREEHOLD LEVEL 1] ORCHID APARTMENT PUCHONG PRIMA 4 min walking to LRT  , RM 245 000 , Klang , Apartments ,1070 sq.ft, 3 Bedrooms 
"  Metropolitan square condo damansara perdana,  ", RM 900 000 , Batu Caves , Apartments ,750 sq.ft, 3 Bedrooms 
  [NON BUMI TENANTED] Apartment Penaga Mas Puchong Near LRT For Sale  , RM 180 000 , Shah Alam , Apartments ,615 sq.ft, 2 Bedrooms 
  [FREEHOLD GROUND FLOOR] Pangsapuri Sri Kemuning Kota Kemuning S Alam  , RM 285 000 , Bangi , Apartments ,753 sq.ft, 2 Bedrooms 
  Casamas Court !!! Ukay Bistari 0% Deposit !!! 90% Completed  , RM 363 240 , Damansara Damai , Apartments ,753 sq.ft, 3 Bedrooms 
  Hot Selling Fast Condo at Sepang ! Fast Contact me NOW!  , RM 236 000 , USJ , Apartments ,689 sq.ft, 3 Bedrooms 
  High Rental and High Capital Gain at Cyberjaya! Grad it Now!  , RM 247 000 , Kelana Jaya , Apartments ,652 sq.ft, 3 Bedrooms 
  [MEDIUM COST BELOW MV CORNER] Apartment Puchong Permata 1  , RM 235 000 , Kelana Jaya , Apartments ,940 sq.ft, 3 Bedrooms 
  [HOT AREA NICE DECORATION] Condominium Prima U1 Shah Alam  , RM 300 000 , Puchong , Apartments ,900 sq.ft, 3 Bedrooms 
  [ 700SQFT LEVEL 1 ] Flat PKNS Seksyen 16 Shah Alam  , RM 200 000 , Bangi , Apartments ,800 sq.ft, 4 Bedrooms 
  Duplex Townhouse Sri Mahligai Seksyen 9 Shah Alam  , RM 490 000 , Ara Damansara , Apartments ,864 sq.ft, 3 Bedrooms 
  New Condo With Promotion in Putrajaya (7 Unit Left)  , RM 399 999 , Seri Kembangan , Apartments ,857 sq.ft, 3 Bedrooms 
  (7 Unit Left With Promotion) New Condo in Damansara Damai  , RM 350 000 , Bangi , Apartments ,720 sq.ft, 3 Bedrooms 
"  Taman Sri Sentosa, Jalan Bendahara, Freehold, Level 3  ", RM 90 000 , Bangi , Apartments ,864 sq.ft, 4 Bedrooms 
  SKIM 1st HOME FULLOAN Sri Gotong Banjaria [ BULANAN 1K+- ]  , RM 240 000 , Klang , Apartments ,1423 sq.ft, 4 Bedrooms 
  BELOW MARKET VALUE APPARTMENT menara u2 sebelah Aeon Shah Alam  , RM 300 000 , Seri Kembangan , Apartments ,487 sq.ft, 2 Bedrooms 
  FREEHOLD Kondominium Pelangi Sg Merab Bangi  , RM 310 000 , Seri Kembangan , Apartments ,720 sq.ft, 3 Bedrooms 
  STRATA O DEPO Bayu Saujana Indah Condo | PRIMA Damansara  , RM 195 000 , Bandar Utama , Apartments ,850 sq.ft, 3 Bedrooms 
"  For Sale= Main Place Residence USJ, Beside LRT Below Market Price!!!!  ", RM 35 500 , Selayang , Apartments ,650 sq.ft, 3 Bedrooms 
  Service Apartment Kelana Jaya  , RM 680 000 , Serdang ,"
Apartments
","915 sq.ft
","
3 Bedrooms
"
  First Sky Facilities in PJ Fully Furnished Package  , RM 580 000 , Tropicana ,"
Apartments
","850 sq.ft
","
3 Bedrooms
"
"  【2nd Floor】[FULL LOAN] Sri Dahlia Apartment, Bandar Puteri Puchong  ", RM 153 000 , Damansara Damai , Apartments ,700 sq.ft, 3 Bedrooms 
  Apartment dahlia bandar seri putra  , RM 100 000 , Balakong , Apartments ,850 sq.ft, 3 Bedrooms 
  Lily Apartment in Taman Mayang Jaya  , RM 408 000 , Ulu Klang , Apartments ,1000 sq.ft, 3 Bedrooms 
  The Sanderson Suites Bukit Serdang 3r2b For SALE !!!!  , RM 420 000 , Ampang , Apartments ,850 sq.ft, 3 Bedrooms 
  End lot apt sri tanjung bangi  , RM 190 000 , Gombak , Apartments ,1130 sq.ft, 3 Bedrooms 
  Renovated ground floor apartment  , RM 245 000 , Puchong , Apartments ,750 sq.ft, 3 Bedrooms 
"  Below Market 27% | Pangsapuri Impian Meru, Meru Klang | 857sf Freehold  ", RM 116 700 , Damansara Perdana , Apartments ,2005 sq.ft, 4 Bedrooms 
"  Pangsapuri Ruselia , Equine, putrajaya , Seri Kembangan, puchong MRT  ", RM 150 000 , Puchong , Apartments ,780 sq.ft, 3 Bedrooms 
"  Ground floor putra indah ,fully reno ,seri kembangan equine,putrajaya  ", RM 280 000 , Kota Kemuning , Apartments ,753 sq.ft, 3 Bedrooms 
"  Glomac Centro,One Utama,Kota Damansara,Damansara Perdana  ", RM 800 000 , Ampang , Apartments ,882 sq.ft, 3 Bedrooms 
"  APARTMENT FOR SALE at JULIA BANDAR BARU SELAYANG, SELANGOR  ", RM 129 000 , Sepang , Apartments ,663 sq.ft, 3 Bedrooms 
  (Full Loan)* Serdang Perdana Apartment Seri Kembangan  , RM 135 000 , Cyberjaya , Apartments ,665 sq.ft, 2 Bedrooms 
  Bayu Puteri Apartment Nice Unit  , RM 420 000 , Puchong , Apartments ,850 sq.ft, 3 Bedrooms 
"  (TKT 3)* Taman Lestari Perdana Shop Apartment, Seri Kembangan Equine  ", RM 98 000 , Shah Alam , Apartments ,980 sq.ft, 3 Bedrooms 
  Saujana apartment damansara damai  , RM 250 000 , Shah Alam , Apartments ,700 sq.ft, 3 Bedrooms 
  [Ready Tenant Rent RM1300 Sublet] Seri Jasa Apartment walk The Mines  , RM 170 000 , Shah Alam , Apartments ,1913 sq.ft, 4 Bedrooms 
  Residensi Permata Melawati  , RM 463 950 , Cyberjaya , Apartments ,817 sq.ft, 3 Bedrooms 
"  For sale (1st floor) SRI WIRA APARTMENT ,UKAY PERDANA, AMPANG  ", RM 265 000 , Saujana , Apartments ,855 sq.ft, 3 Bedrooms 
  PANORAMA SENTUL RESIDEN. Tmn Bullion Batu Caves Gombak  , RM 490 000 , Klang , Apartments ,1200 sq.ft, 3 Bedrooms 
  [FREEHOLD LEVEL 1] ORCHID APARTMENT PUCHONG PRIMA 4 min walking to LRT  , RM 245 000 , Batu Caves , Apartments ,816 sq.ft, 3 Bedrooms 
"  Metropolitan square condo damansara perdana,  ", RM 900 000 , Shah Alam , Apartments ,450 sq.ft, 1 Bedroom 
  [NON BUMI TENANTED] Apartment Penaga Mas Puchong Near LRT For Sale  , RM 180 000 , Bangi , Apartments ,1070 sq.ft, 3 Bedrooms 
  [FREEHOLD GROUND FLOOR] Pangsapuri Sri Kemuning Kota Kemuning S Alam  , RM 285 000 , Damansara Damai , Apartments ,750 sq.ft, 3 Bedrooms 
  Casamas Court !!! Ukay Bistari 0% Deposit !!! 90% Completed  , RM 363 240 , USJ , Apartments ,615 sq.ft, 2 Bedrooms 
  Hot Selling Fast Condo at Sepang ! Fast Contact me NOW!  , RM 236 000 , Kelana Jaya , Apartments ,753 sq.ft, 2 Bedrooms 
  High Rental and High Capital Gain at Cyberjaya! Grad it Now!  , RM 247 000 , Kelana Jaya , Apartments ,753 sq.ft, 3 Bedrooms 
  [MEDIUM COST BELOW MV CORNER] Apartment Puchong Permata 1  , RM 235 000 , Puchong , Apartments ,689 sq.ft, 3 Bedrooms 
  [HOT AREA NICE DECORATION] Condominium Prima U1 Shah Alam  , RM 300 000 , Bangi , Apartments ,652 sq.ft, 3 Bedrooms 
  [ 700SQFT LEVEL 1 ] Flat PKNS Seksyen 16 Shah Alam  , RM 200 000 , Ara Damansara , Apartments ,940 sq.ft, 3 Bedrooms 
  Duplex Townhouse Sri Mahligai Seksyen 9 Shah Alam  , RM 490 000 , Seri Kembangan , Apartments ,900 sq.ft, 3 Bedrooms 
  New Condo With Promotion in Putrajaya (7 Unit Left)  , RM 399 999 , Bangi , Apartments ,800 sq.ft, 4 Bedrooms 
  (7 Unit Left With Promotion) New Condo in Damansara Damai  , RM 350 000 , Bangi , Apartments ,864 sq.ft, 3 Bedrooms 
"  Taman Sri Sentosa, Jalan Bendahara, Freehold, Level 3  ", RM 90 000 , Klang , Apartments ,857 sq.ft, 3 Bedrooms 
  SKIM 1st HOME FULLOAN Sri Gotong Banjaria [ BULANAN 1K+- ]  , RM 240 000 , Seri Kembangan , Apartments ,720 sq.ft, 3 Bedrooms 
  BELOW MARKET VALUE APPARTMENT menara u2 sebelah Aeon Shah Alam  , RM 300 000 , Seri Kembangan , Apartments ,864 sq.ft, 4 Bedrooms 
  FREEHOLD Kondominium Pelangi Sg Merab Bangi  , RM 310 000 , Bandar Utama , Apartments ,1423 sq.ft, 4 Bedrooms 
  STRATA O DEPO Bayu Saujana Indah Condo | PRIMA Damansara  , RM 195 000 , Selayang , Apartments ,487 sq.ft, 2 Bedrooms 
"  For Sale= Main Place Residence USJ, Beside LRT Below Market Price!!!!  ", RM 35 500 , Serdang , Apartments ,720 sq.ft, 3 Bedrooms 
  Service Apartment Kelana Jaya  , RM 680 000 , Tropicana , Apartments ,850 sq.ft, 3 Bedrooms 
